student_id,age,study_hours_per_day,social_media_hours,netflix_hours,attendance_percentage,sleep_hours,exercise_frequency,mental_health_rating,exam_score,diet_quality_ord,internet_quality_ord,parental_education_level_ord,gender_Male,gender_Other,part_time_job_Yes,extracurricular_participation_Yes
S1000,23,0.0,1.2,1.1,85.0,8.0,6,8,56.2,1,1,3,False,False,False,True
S1001,20,6.9,2.8,2.3,97.3,4.6,6,8,100.0,2,1,1,False,False,False,False
S1002,21,1.4,3.1,1.3,94.8,8.0,1,1,34.3,0,0,1,True,False,False,False
S1003,23,1.0,3.9,1.0,71.0,9.2,4,1,26.8,0,2,3,False,False,False,True
S1004,19,5.0,4.4,0.5,90.9,4.9,3,1,66.4,1,2,3,False,False,False,False
S1005,24,7.2,1.3,0.0,82.9,7.4,1,4,100.0,1,1,3,True,False,False,False
S1006,21,5.6,1.5,1.4,85.8,6.5,2,4,89.8,2,0,3,False,False,True,False
S1007,21,4.3,1.0,2.0,77.7,4.6,0,8,72.6,1,1,2,False,False,True,False
S1008,23,4.4,2.2,1.7,100.0,7.1,3,1,78.9,2,2,2,False,False,False,False
S1009,18,4.8,3.1,1.3,95.4,7.5,5,10,100.0,2,2,2,False,False,False,True
S1010,19,4.6,3.7,0.8,77.6,5.8,1,3,63.3,1,2,0,False,False,False,False
S1011,23,3.9,2.4,2.5,71.7,7.9,2,1,74.4,1,1,2,True,False,False,False
S1012,19,3.7,2.1,0.4,81.1,4.5,1,9,76.9,1,2,2,False,False,True,False
S1013,19,3.4,2.7,2.7,89.3,4.7,4,10,75.8,1,2,2,False,False,False,False
S1014,24,2.4,1.5,0.7,87.4,6.7,6,9,78.9,0,1,2,True,False,False,False
S1015,21,3.1,5.0,1.0,97.5,6.5,6,7,74.0,2,1,1,True,False,False,False
S1016,20,1.0,0.6,0.2,92.9,5.6,3,8,55.2,0,0,1,True,False,False,True
S1017,24,3.4,2.7,1.2,94.7,7.5,0,1,70.8,0,1,1,False,False,False,True
S1018,24,2.0,4.9,2.9,88.3,7.1,2,5,43.9,2,2,1,False,True,True,False
S1019,19,1.8,2.5,2.4,71.1,7.5,1,2,45.3,1,1,1,True,False,False,False
S1020,22,3.8,2.3,2.9,83.0,6.4,3,1,58.5,2,2,3,False,False,False,False
S1021,21,5.6,2.1,2.4,95.6,7.2,1,3,82.5,1,2,1,True,False,False,False
S1022,18,4.9,2.3,0.6,84.5,6.0,3,7,98.7,1,1,1,False,True,False,False
S1023,24,1.1,4.1,1.4,90.0,9.0,6,1,43.7,1,2,2,False,False,True,False
S1024,20,2.0,0.0,0.9,81.8,5.5,4,2,54.9,1,1,2,False,False,True,False
S1025,22,4.9,4.3,3.3,74.7,9.0,1,2,69.9,1,1,1,True,False,False,True
S1026,22,2.0,0.8,0.5,83.8,6.5,4,4,73.5,2,0,2,True,False,False,False
S1027,18,3.2,2.2,2.8,88.1,4.8,5,3,71.1,1,1,2,True,False,True,False
S1028,24,4.3,2.0,2.8,78.4,8.1,5,3,82.8,2,0,1,True,False,True,True
S1029,20,2.0,3.2,3.8,82.6,6.7,6,10,75.7,0,0,1,False,False,True,True
S1030,21,3.7,0.6,1.3,75.6,7.5,2,5,70.6,1,1,3,False,False,False,False
S1031,17,1.5,3.1,2.6,96.2,8.0,4,3,51.3,1,1,2,False,True,True,True
S1032,20,2.6,4.9,4.3,82.1,6.9,3,7,52.1,2,2,2,False,True,False,False
S1033,18,4.0,0.9,1.1,99.5,5.8,2,5,70.7,0,1,0,False,False,False,False
S1034,22,1.1,2.7,0.1,100.0,7.7,1,4,51.2,1,2,1,False,False,False,False
S1035,21,4.2,1.7,0.0,84.2,6.5,1,3,72.6,2,1,2,False,False,True,False
S1036,20,3.5,3.0,2.6,74.9,7.3,3,4,70.7,1,2,1,False,False,False,False
S1037,17,4.3,2.5,0.0,64.1,3.9,0,2,59.4,2,1,1,True,False,True,False
S1038,17,3.8,1.7,1.4,70.3,7.0,0,1,58.1,0,2,2,True,False,False,False
S1039,19,5.5,3.1,2.3,71.3,5.7,1,3,82.3,2,1,1,True,False,False,False
S1040,19,3.7,4.7,2.0,98.8,8.5,6,2,69.7,2,2,2,False,False,False,False
S1041,23,2.9,2.3,2.3,86.2,7.2,6,1,66.0,2,1,2,False,False,False,False
S1042,18,3.7,3.4,2.0,88.9,6.8,3,1,63.5,1,0,1,True,False,False,True
S1043,24,4.3,0.9,3.2,62.8,7.1,0,2,65.7,0,2,2,False,False,False,False
S1044,20,3.6,1.4,0.8,73.0,5.3,4,9,78.5,2,0,1,False,False,False,False
S1045,20,3.6,3.1,1.1,93.9,8.4,1,5,75.1,1,1,2,True,False,False,True
S1046,24,2.4,4.3,1.0,87.9,8.9,5,9,71.0,0,1,1,True,False,False,True
S1047,23,2.5,2.9,2.7,83.5,7.0,4,8,59.7,2,2,0,False,False,False,True
S1048,22,1.4,2.1,2.8,90.6,8.4,3,6,52.6,1,2,2,False,False,False,False
S1049,22,6.1,2.5,2.3,100.0,5.8,5,1,96.5,0,1,1,False,False,False,False
S1050,23,1.6,1.0,3.1,82.8,5.5,4,10,62.0,1,2,3,False,False,False,True
S1051,22,2.5,3.2,0.5,85.7,6.5,0,5,59.7,0,1,1,False,False,False,False
S1052,19,2.4,3.6,3.6,86.9,7.0,6,1,48.4,1,1,1,False,False,False,False
S1053,20,4.8,2.0,3.5,100.0,6.0,0,7,70.6,2,2,2,False,False,False,True
S1054,23,3.1,1.9,2.6,64.0,7.1,5,10,68.1,1,2,1,False,False,True,False
S1055,20,5.4,2.8,3.8,91.8,6.9,2,8,87.2,2,2,1,True,False,False,False
S1056,24,2.5,2.0,0.0,83.9,5.3,6,8,66.7,2,1,2,True,False,False,False
S1057,17,3.9,2.4,1.2,90.7,7.1,1,7,75.2,2,1,2,True,False,False,True
S1058,19,2.2,5.0,1.0,78.4,7.5,5,2,46.4,0,1,3,False,False,False,True
S1059,21,6.7,2.2,2.6,84.5,6.7,3,5,97.1,2,1,3,False,False,False,True
S1060,19,1.7,2.1,0.6,92.1,7.9,1,4,61.2,1,1,1,False,False,True,False
S1061,23,4.0,1.7,2.6,100.0,5.0,4,5,75.0,1,2,2,True,False,False,False
S1062,21,4.5,3.4,3.3,93.1,7.1,6,10,94.7,2,2,1,True,False,True,False
S1063,17,4.1,2.3,2.6,76.5,5.1,3,9,77.6,1,1,2,True,False,True,False
S1064,23,3.2,1.7,2.1,80.8,5.2,3,4,68.6,2,0,1,True,False,False,True
S1065,18,3.3,4.1,0.7,80.5,5.7,0,8,69.6,0,2,3,False,False,False,False
S1066,20,3.6,4.2,0.9,67.0,5.4,4,8,66.5,2,1,2,True,False,False,False
S1067,17,3.3,1.8,3.2,81.7,5.8,0,2,62.2,0,2,3,True,False,False,False
S1068,20,4.9,0.3,2.7,92.3,6.2,0,6,82.1,2,0,2,False,False,True,False
S1069,22,6.8,3.7,1.8,72.3,7.5,6,5,100.0,0,1,3,True,False,False,False
S1070,18,2.7,1.7,1.3,95.5,6.1,2,2,59.7,0,2,2,False,False,False,True
S1071,18,1.4,3.4,0.0,89.9,4.6,0,10,55.1,1,0,1,False,False,False,True
S1072,17,3.4,0.1,0.6,77.7,7.9,1,4,77.1,1,1,1,True,False,False,True
S1073,18,7.4,3.6,3.9,83.6,5.5,3,7,97.7,1,1,1,False,False,False,True
S1074,21,2.3,1.0,0.4,100.0,6.4,6,1,66.9,1,2,0,False,False,False,False
S1075,18,6.0,3.4,2.0,92.3,7.0,0,9,99.9,1,2,2,False,False,True,True
S1076,20,6.0,2.5,2.9,85.1,6.7,5,10,100.0,0,1,2,True,False,False,True
S1077,20,2.7,1.4,0.4,82.6,7.8,1,1,57.2,1,0,2,False,False,False,False
S1078,23,4.4,2.0,2.0,85.8,7.1,4,5,77.3,2,2,3,False,False,True,False
S1079,20,5.9,3.3,2.8,79.9,5.5,3,7,91.6,2,1,3,True,False,True,False
S1080,23,2.9,2.6,1.8,64.0,9.1,6,8,70.7,2,2,1,True,False,False,False
S1081,20,3.2,3.2,5.0,100.0,6.7,5,2,57.6,2,0,1,False,True,False,False
S1082,21,2.6,4.9,0.0,86.6,6.3,6,4,60.2,1,0,1,False,False,True,False
S1083,24,2.0,0.6,3.0,89.0,7.7,6,2,50.5,0,2,1,True,False,False,True
S1084,23,2.5,4.4,1.6,84.4,6.8,5,4,51.3,1,1,2,False,False,False,False
S1085,19,1.7,2.6,2.6,77.6,7.0,4,6,53.5,2,2,2,True,False,False,False
S1086,22,3.6,1.4,2.3,83.1,9.5,5,6,79.2,2,0,2,True,False,False,False
S1087,17,2.3,0.9,1.0,69.0,6.2,1,2,47.2,1,1,3,True,False,False,True
S1088,20,3.9,2.3,2.1,100.0,6.1,6,4,73.4,0,2,2,True,False,False,False
S1089,18,1.2,3.6,0.0,72.7,6.6,4,4,41.1,0,1,1,True,False,False,True
S1090,24,4.0,2.3,2.5,74.7,7.8,6,1,77.8,1,2,2,True,False,False,False
S1091,20,4.8,4.3,2.1,80.6,4.7,5,2,63.4,1,1,1,False,False,False,False
S1092,18,0.5,0.8,2.5,97.9,4.1,4,3,43.9,0,2,1,True,False,True,False
S1093,22,4.1,2.5,3.0,85.1,5.8,4,5,70.2,2,2,0,True,False,False,False
S1094,22,5.3,1.0,2.2,72.6,4.5,0,8,81.3,1,1,1,False,False,False,False
S1095,22,1.7,2.9,2.0,97.5,6.0,0,6,50.2,2,2,1,True,False,False,False
S1096,18,6.0,3.6,0.8,92.3,7.1,0,3,87.9,2,2,1,False,False,False,False
S1097,20,4.1,2.0,1.0,90.4,5.4,5,6,80.9,2,1,2,True,False,False,False
S1098,22,2.4,0.0,3.1,92.2,4.8,3,7,63.9,2,2,2,True,False,False,True
S1099,21,3.4,2.7,3.4,100.0,6.6,1,6,65.6,2,2,1,True,False,False,False
S1100,23,4.3,3.0,1.5,100.0,7.5,5,10,93.2,2,1,0,True,False,False,True
S1101,18,3.6,3.0,1.9,78.1,4.5,6,6,74.0,2,1,2,True,False,False,False
S1102,18,4.3,4.0,0.8,100.0,7.5,0,1,60.8,1,1,0,True,False,False,False
S1103,20,2.1,1.2,3.1,88.8,7.5,4,3,50.4,2,1,3,True,False,False,False
S1104,18,3.8,3.3,2.5,90.0,7.6,5,7,74.3,2,2,2,True,False,False,False
S1105,18,1.4,3.9,3.9,68.1,8.0,4,4,32.8,2,1,1,True,False,True,True
S1106,22,3.3,0.4,0.8,83.3,9.1,6,4,82.3,2,2,1,True,False,False,True
S1107,20,2.1,2.9,1.4,76.9,6.1,4,7,60.4,1,1,0,True,False,False,False
S1108,22,2.4,1.9,2.1,93.3,6.6,4,9,60.0,0,1,1,False,False,False,True
S1109,23,5.4,2.4,2.5,95.7,6.0,2,2,77.5,1,2,1,False,False,False,False
S1110,24,5.1,2.9,1.6,64.3,6.5,3,9,86.5,1,1,2,True,False,False,True
S1111,23,4.4,1.9,0.8,84.8,8.3,1,3,76.9,2,1,1,False,False,False,False
S1112,24,1.9,1.7,2.8,96.2,4.9,1,6,43.9,1,0,2,False,False,False,True
S1113,22,3.0,2.5,2.6,83.1,5.5,0,4,51.3,1,1,2,True,False,False,False
S1114,23,5.3,1.2,0.8,92.3,8.2,2,1,83.3,1,1,1,False,False,False,False
S1115,20,3.7,1.2,3.3,88.5,7.7,5,9,82.7,0,2,0,False,False,False,False
S1116,17,7.0,3.3,3.1,88.4,6.1,5,6,94.8,2,1,0,True,False,False,True
S1117,22,4.1,1.1,1.9,82.3,7.5,1,8,80.8,2,2,0,True,False,False,False
S1118,24,3.8,3.3,1.9,72.8,6.9,3,2,58.3,0,2,2,False,False,False,True
S1119,21,3.0,3.1,2.4,73.8,8.3,4,7,66.3,1,1,1,False,False,True,False
S1120,24,3.7,0.4,0.9,92.1,6.6,6,6,87.9,1,1,2,True,False,False,False
S1121,21,3.3,1.7,1.8,85.2,7.7,0,2,60.5,0,2,1,True,False,False,False
S1122,18,4.6,3.9,0.0,83.6,9.7,3,2,84.8,0,2,1,True,False,False,False
S1123,23,4.9,1.3,2.8,80.8,7.2,1,4,77.0,2,1,2,False,False,False,False
S1124,21,2.3,1.9,0.1,81.9,6.6,2,4,61.7,1,1,2,False,False,False,False
S1125,24,1.5,3.1,3.5,95.5,7.4,0,3,44.0,1,1,1,True,False,False,False
S1126,18,0.7,3.4,1.4,81.6,6.1,1,8,42.4,0,0,1,True,False,True,False
S1127,17,4.3,2.2,1.6,71.6,9.4,5,7,88.0,2,2,2,False,False,False,False
S1128,20,1.8,1.8,1.1,92.4,6.7,0,2,48.7,2,2,1,True,False,False,False
S1129,20,0.3,4.2,1.5,83.0,6.2,1,3,26.8,2,1,1,True,False,False,True
S1130,20,4.1,4.6,3.4,85.3,5.5,5,10,81.6,0,2,2,False,False,False,False
S1131,21,7.2,3.7,0.0,100.0,7.8,6,9,100.0,2,2,1,False,False,False,False
S1132,17,3.5,2.6,3.2,84.8,7.5,5,5,74.0,1,1,2,False,False,True,True
S1133,21,4.8,1.5,2.2,87.9,5.9,4,2,78.4,1,0,2,False,False,False,True
S1134,23,3.6,1.5,0.5,73.2,7.2,2,3,70.7,1,2,2,True,False,False,False
S1135,21,3.4,3.1,0.6,82.8,4.7,4,8,74.3,1,2,2,True,False,False,False
S1136,17,4.9,3.0,3.6,91.1,6.7,1,4,67.6,2,2,2,False,False,False,False
S1137,17,3.1,4.2,0.8,69.4,7.0,6,2,64.7,2,0,2,True,False,False,False
S1138,23,3.9,3.3,0.5,87.0,8.5,3,2,64.1,1,1,3,True,False,False,False
S1139,17,4.0,0.7,3.1,86.0,5.6,6,6,83.5,2,0,1,True,False,False,False
S1140,24,2.5,3.8,2.2,85.4,5.0,6,8,63.4,2,2,1,True,False,False,False
S1141,17,5.0,1.3,0.8,95.4,5.4,6,7,96.2,2,2,2,True,False,False,False
S1142,20,3.2,2.0,2.0,88.3,4.9,4,4,65.4,1,0,2,True,False,False,True
S1143,24,2.4,2.8,0.7,99.8,8.1,3,2,62.0,1,2,0,True,False,False,False
S1144,24,4.3,4.9,3.0,75.1,8.4,5,9,74.0,1,2,3,True,False,False,True
S1145,23,2.2,6.2,3.0,86.4,6.9,1,4,46.7,2,2,0,False,False,False,False
S1146,19,3.5,3.2,2.4,85.8,8.0,2,9,75.5,0,2,2,False,False,False,False
S1147,19,3.5,2.3,2.2,74.3,6.7,3,5,78.1,1,0,2,False,False,False,True
S1148,17,5.1,3.1,3.7,94.6,6.4,1,7,85.2,1,2,3,False,False,False,False
S1149,24,4.2,3.6,1.8,100.0,6.1,3,5,75.4,1,0,0,False,False,True,False
S1150,19,3.5,2.1,0.5,84.8,6.1,4,2,64.2,2,1,2,True,False,True,False
S1151,19,4.7,4.7,2.3,90.1,4.6,1,6,69.7,2,2,1,False,False,False,False
S1152,17,5.6,2.8,4.1,85.8,6.8,4,7,90.3,2,2,1,False,False,False,False
S1153,19,4.3,3.1,0.7,77.9,6.5,0,6,81.4,2,1,0,False,False,False,False
S1154,21,3.5,3.3,1.4,66.8,7.4,1,3,65.0,1,2,2,True,False,False,False
S1155,18,1.5,3.0,2.3,77.9,6.6,3,10,57.3,1,2,1,True,False,False,False
S1156,23,1.9,3.5,1.7,71.1,6.3,0,8,57.7,1,2,1,True,False,True,False
S1157,18,3.0,1.8,0.7,100.0,5.5,4,3,56.7,0,0,2,True,False,False,False
S1158,17,2.6,1.8,3.0,83.8,6.6,4,5,62.3,1,2,2,False,False,False,True
S1159,20,3.2,1.2,4.4,81.5,7.4,3,9,77.9,2,1,2,False,False,False,False
S1160,23,3.6,3.0,2.0,93.9,5.1,0,5,65.2,1,1,3,True,False,False,False
S1161,17,4.3,3.4,0.8,73.8,6.6,6,7,76.8,2,1,1,False,True,False,False
S1162,24,3.4,3.0,0.1,77.3,6.8,5,7,83.8,1,1,3,False,False,False,False
S1163,20,4.2,4.5,2.1,85.7,5.6,2,5,70.6,0,2,3,True,False,False,False
S1164,18,3.6,2.5,3.0,95.3,5.8,3,2,63.1,0,1,1,True,False,False,True
S1165,17,0.5,3.3,2.3,90.0,6.8,4,5,39.0,1,2,1,True,False,False,False
S1166,24,2.1,1.2,1.8,87.5,5.1,1,7,66.7,1,1,1,True,False,False,False
S1167,23,3.3,2.0,1.2,85.8,6.9,0,7,72.2,0,2,1,True,False,True,False
S1168,23,1.7,3.3,0.6,89.0,5.4,5,4,50.1,1,2,2,True,False,False,True
S1169,22,4.4,3.5,2.7,87.0,7.8,2,1,62.4,1,2,2,True,False,True,False
S1170,24,5.8,2.1,2.8,74.7,9.3,1,6,96.6,1,2,2,True,False,False,False
S1171,21,5.3,2.4,0.1,85.5,5.5,0,3,85.8,2,2,2,False,False,False,True
S1172,19,3.2,0.7,3.5,74.3,7.1,5,5,68.3,2,2,1,True,False,False,False
S1173,20,5.7,2.1,2.4,85.8,5.6,3,4,83.8,1,2,3,False,False,False,True
S1174,24,3.7,3.6,3.3,80.2,7.7,5,2,69.3,2,0,1,True,False,True,False
S1175,22,3.0,3.2,0.3,100.0,5.0,3,7,65.3,2,2,3,False,True,False,False
S1176,19,2.6,3.1,0.3,84.6,7.1,6,5,77.5,2,1,1,True,False,False,True
S1177,19,3.0,2.6,1.6,71.0,5.5,0,7,55.0,1,1,3,True,False,False,True
S1178,17,2.9,2.5,2.4,83.7,6.3,5,9,65.2,0,2,0,False,True,True,False
S1179,19,3.8,1.7,3.8,90.2,5.3,2,4,58.1,2,1,1,False,False,False,False
S1180,21,3.7,3.3,2.6,100.0,7.5,5,5,69.2,1,2,0,False,False,True,False
S1181,23,3.5,3.0,1.5,79.1,5.5,0,9,67.4,2,1,2,True,False,True,False
S1182,22,4.2,3.1,0.7,69.2,7.2,1,10,79.9,2,0,3,True,False,False,False
S1183,19,5.3,1.9,3.2,93.2,6.1,1,4,85.7,1,1,1,False,False,False,True
S1184,17,4.9,0.0,0.7,71.2,6.4,5,5,96.2,1,0,3,False,False,False,False
S1185,21,1.3,3.8,3.6,80.6,6.7,5,5,40.4,1,2,2,False,False,True,False
S1186,18,0.0,1.9,1.5,82.4,5.6,3,8,55.2,1,1,2,False,False,False,False
S1187,23,4.9,1.5,3.5,84.3,6.8,0,4,73.8,1,1,2,True,False,False,False
S1188,23,1.4,3.3,2.5,91.9,8.3,3,4,46.5,1,0,1,False,False,False,True
S1189,22,3.2,2.0,1.6,78.2,5.6,2,7,60.5,1,1,1,True,False,False,True
S1190,23,1.7,3.8,1.2,82.3,7.9,6,5,55.4,0,2,3,True,False,False,False
S1191,19,0.8,3.2,1.4,84.9,8.3,1,6,45.1,2,1,3,True,False,False,False
S1192,17,4.3,3.3,2.3,86.5,5.5,4,6,69.4,0,2,3,False,False,False,False
S1193,23,4.6,0.9,1.9,86.0,4.8,4,6,81.3,2,2,3,True,False,False,False
S1194,23,2.6,4.0,1.1,89.4,6.9,0,10,66.6,2,2,1,True,False,False,False
S1195,18,0.0,2.8,1.6,93.4,5.8,0,5,26.7,1,2,2,False,False,False,False
S1196,18,2.7,2.1,1.9,88.9,8.7,4,5,64.5,2,0,1,True,False,False,False
S1197,20,4.1,2.7,0.0,89.5,6.5,0,9,87.1,1,1,3,False,False,False,True
S1198,21,1.3,0.4,2.3,69.2,5.5,1,8,42.2,2,2,1,True,False,True,True
S1199,19,3.8,3.0,0.7,85.5,5.1,2,4,61.6,1,2,2,False,False,False,False
S1200,23,3.5,1.3,0.5,89.8,7.8,2,7,81.9,1,2,2,False,False,False,False
S1201,24,4.4,0.9,0.0,92.3,5.8,3,8,96.5,1,2,1,True,False,False,False
S1202,23,3.7,0.7,0.0,78.1,6.6,1,9,85.1,1,1,0,True,False,False,False
S1203,17,2.0,3.8,0.3,78.4,7.6,6,5,58.5,1,0,3,True,False,False,False
S1204,20,5.3,1.7,1.0,79.3,5.9,0,3,78.4,1,2,2,True,False,False,True
S1205,21,3.3,4.3,3.9,90.4,6.4,0,4,56.4,1,2,1,False,True,False,False
S1206,24,3.5,1.9,1.2,95.3,6.5,6,10,92.6,0,1,2,True,False,False,True
S1207,20,2.1,0.5,2.0,80.9,7.3,3,6,62.3,0,2,2,False,False,False,True
S1208,22,2.8,1.2,2.2,94.1,7.2,3,10,75.8,1,1,1,True,False,True,False
S1209,21,2.2,4.0,1.9,86.2,6.2,0,5,47.1,0,1,1,False,False,False,True
S1210,23,3.2,2.3,1.7,83.8,6.6,0,9,66.3,0,2,3,False,False,True,False
S1211,23,6.1,1.8,0.5,82.9,6.1,6,3,98.3,2,2,2,False,False,False,True
S1212,21,1.4,2.7,3.4,92.5,4.7,1,2,29.7,0,1,2,True,False,False,True
S1213,23,1.1,3.1,3.8,88.3,6.8,6,6,45.5,2,0,2,True,False,False,False
S1214,19,5.7,3.8,0.0,100.0,8.8,3,7,100.0,1,1,0,True,False,False,False
S1215,21,3.2,4.2,0.7,76.5,5.4,6,5,67.5,2,2,1,False,False,False,True
S1216,20,2.5,2.1,1.5,90.2,5.6,6,1,60.3,1,1,1,False,False,False,True
S1217,21,5.1,0.9,0.7,79.7,5.5,6,3,87.0,1,2,1,False,True,False,False
S1218,24,2.6,2.0,2.4,76.3,7.4,1,3,48.5,1,2,2,True,False,False,False
S1219,23,6.2,2.8,1.0,84.9,7.0,5,4,100.0,1,2,3,False,False,False,False
S1220,19,4.5,1.3,4.2,86.4,6.3,0,10,82.1,1,1,1,False,False,False,False
S1221,19,2.8,1.4,3.1,100.0,5.4,4,6,63.7,0,2,1,True,False,False,True
S1222,22,6.7,2.9,2.0,83.2,6.6,6,5,100.0,2,1,2,True,False,False,False
S1223,20,2.6,2.4,2.9,73.7,4.6,4,1,41.9,1,1,3,False,False,False,False
S1224,18,4.6,2.5,3.0,87.7,6.7,5,6,72.7,1,0,2,False,False,False,False
S1225,18,3.9,1.6,1.2,64.3,7.5,0,9,74.3,2,1,3,False,False,False,True
S1226,21,5.5,2.2,0.9,84.1,5.0,3,1,88.7,1,2,2,True,False,True,False
S1227,22,5.8,1.4,1.9,85.2,4.7,4,8,96.6,2,1,2,False,False,False,True
S1228,17,3.5,3.6,2.7,92.9,8.4,3,8,72.6,1,1,1,True,False,False,True
S1229,21,2.4,3.7,2.0,94.7,5.8,4,3,52.4,2,2,1,True,False,False,True
S1230,22,4.2,0.3,0.1,80.0,7.9,3,9,100.0,0,0,1,True,False,False,True
S1231,20,2.5,1.4,0.9,83.5,6.3,6,8,73.1,2,2,2,False,False,False,False
S1232,20,6.5,0.7,1.7,77.3,6.3,4,3,100.0,2,1,3,False,False,False,False
S1233,20,3.7,1.7,1.7,73.7,7.0,3,10,80.8,1,0,3,False,False,False,True
S1234,20,3.0,2.4,4.0,88.1,5.4,5,5,62.9,0,2,1,True,False,False,False
S1235,20,3.8,0.8,0.3,72.3,6.7,1,3,71.5,1,0,1,False,False,False,False
S1236,22,1.5,1.4,2.4,80.9,6.0,3,5,46.2,2,2,1,True,False,False,False
S1237,22,2.0,1.3,3.4,75.0,4.9,1,9,53.8,1,1,1,False,False,True,False
S1238,19,5.3,2.7,4.3,90.5,6.9,1,4,74.2,1,0,2,True,False,False,True
S1239,24,2.5,2.6,1.4,100.0,6.2,0,6,52.5,0,0,3,True,False,False,False
S1240,18,1.9,1.6,2.3,72.0,6.3,6,3,51.2,1,0,3,True,False,False,False
S1241,23,4.3,2.7,2.4,66.5,5.0,5,3,60.6,1,0,2,True,False,True,False
S1242,20,5.3,1.8,2.0,83.8,8.4,1,5,91.5,2,2,2,False,False,False,False
S1243,17,4.6,2.2,1.7,85.2,7.6,2,8,87.3,1,1,2,False,False,False,False
S1244,23,5.0,4.5,2.3,87.2,7.7,6,8,98.0,2,1,1,True,False,False,False
S1245,22,2.4,4.1,0.0,80.5,6.1,1,3,47.9,1,1,2,False,False,False,True
S1246,17,1.4,0.9,2.6,83.0,4.4,3,8,51.0,0,2,2,True,False,True,False
S1247,17,5.8,3.5,1.9,88.7,8.8,1,8,90.0,1,2,2,False,False,False,True
S1248,17,3.0,3.5,1.6,95.4,6.4,3,3,54.1,1,2,1,False,False,False,False
S1249,19,3.1,1.1,4.1,65.4,5.6,3,10,58.4,2,2,1,False,False,False,True
S1250,22,5.5,3.5,1.1,81.3,7.0,2,10,100.0,2,1,1,True,False,True,False
S1251,17,4.3,4.3,1.4,87.1,7.9,1,2,65.2,1,1,3,False,False,False,False
S1252,20,4.2,1.2,4.0,75.8,6.5,1,10,85.3,1,2,1,False,False,False,False
S1253,21,6.7,1.4,0.9,100.0,8.0,4,2,93.8,1,2,2,True,False,False,False
S1254,17,2.5,3.7,1.2,78.6,7.8,6,9,78.8,2,1,2,True,False,True,False
S1255,19,4.9,2.8,1.6,84.6,5.2,4,7,85.0,2,1,1,False,False,False,False
S1256,23,3.6,3.2,2.7,90.6,5.7,0,6,64.5,2,2,2,False,False,False,False
S1257,22,3.9,2.9,2.0,79.1,7.6,3,7,71.0,1,2,3,False,False,False,False
S1258,24,5.8,3.0,0.4,66.5,3.2,2,8,90.8,1,1,1,False,False,False,False
S1259,19,4.3,0.9,1.2,80.7,6.3,4,1,72.6,1,2,3,False,False,False,False
S1260,17,4.3,3.8,1.1,95.3,4.8,1,8,70.9,1,1,1,True,False,False,False
S1261,22,5.1,3.9,1.7,81.6,5.9,0,3,65.1,1,0,0,True,False,True,True
S1262,21,3.0,2.2,2.3,76.5,6.1,2,3,49.1,0,1,3,True,False,False,False
S1263,17,2.2,2.4,2.3,94.3,6.1,5,6,62.7,0,1,2,False,False,True,False
S1264,19,1.9,0.7,0.0,81.7,5.8,1,4,51.5,2,0,3,True,False,False,False
S1265,18,0.6,3.1,3.0,79.9,5.2,1,4,18.4,2,2,2,False,False,False,False
S1266,20,6.6,3.2,2.1,86.5,9.3,5,4,100.0,1,1,3,False,False,False,True
S1267,24,1.8,2.4,3.3,92.7,8.7,3,10,53.3,1,2,2,False,False,True,False
S1268,23,3.2,3.8,2.3,100.0,5.1,3,9,76.1,1,0,2,True,False,False,False
S1269,19,3.1,2.1,3.0,93.3,8.4,4,8,85.6,2,1,2,False,False,False,False
S1270,22,4.0,3.2,2.3,96.6,6.0,4,3,63.0,2,2,1,True,False,True,True
S1271,24,4.7,1.3,3.3,79.9,6.7,1,1,73.6,2,2,3,False,False,True,False
S1272,24,4.8,2.5,2.4,74.7,6.4,6,1,76.2,2,2,1,True,False,True,False
S1273,24,2.6,2.3,1.7,85.6,5.7,1,1,45.5,1,2,2,True,False,False,True
S1274,17,3.2,2.8,4.3,86.1,7.7,4,4,58.6,1,1,1,False,False,False,True
S1275,20,3.9,2.1,2.8,74.2,6.7,5,6,77.8,1,1,2,True,False,False,False
S1276,17,3.1,2.3,2.4,83.2,5.9,4,4,61.5,1,2,1,True,False,True,True
S1277,22,5.9,3.5,0.4,89.0,4.9,1,3,71.4,2,2,0,False,False,False,False
S1278,17,4.2,2.0,0.4,88.6,5.4,2,8,93.9,1,2,3,False,False,False,True
S1279,18,4.6,0.6,2.1,90.0,4.5,1,8,85.9,0,2,1,False,False,False,False
S1280,20,4.5,4.6,2.0,87.9,6.5,2,6,73.8,1,2,2,False,False,False,False
S1281,20,5.3,4.2,1.1,79.9,5.1,2,9,83.3,2,1,1,False,False,True,False
S1282,22,3.8,0.9,2.0,79.9,6.2,1,10,79.7,1,2,0,True,False,True,False
S1283,23,1.6,3.3,3.5,73.0,8.1,6,1,47.1,2,2,1,True,False,True,False
S1284,18,4.1,1.9,2.6,100.0,7.9,6,8,91.9,1,2,2,True,False,False,False
S1285,19,2.5,2.8,0.5,85.1,6.5,0,6,60.6,0,0,0,False,False,True,True
S1286,17,2.7,2.9,1.7,82.8,6.4,4,1,46.6,1,1,3,False,False,False,False
S1287,21,4.4,2.2,0.9,75.7,8.8,6,4,84.2,2,0,1,True,False,False,True
S1288,17,5.4,1.6,1.4,100.0,7.1,3,5,95.5,1,1,1,True,False,False,False
S1289,24,3.5,1.7,1.3,74.3,6.1,1,7,73.5,2,2,1,False,False,False,True
S1290,17,4.0,1.4,1.3,80.7,4.8,2,8,75.9,1,0,0,True,False,False,False
S1291,19,6.1,1.5,0.4,89.2,7.0,1,9,100.0,0,1,2,False,False,False,False
S1292,17,3.9,2.4,1.7,91.0,7.5,4,6,74.2,2,1,3,False,False,True,True
S1293,18,7.4,1.6,1.2,94.6,5.7,5,10,100.0,1,2,2,False,False,False,True
S1294,18,4.3,3.3,0.0,100.0,6.8,6,9,94.9,1,1,1,True,False,False,False
S1295,20,0.9,4.3,4.1,90.1,6.1,6,4,27.6,2,1,1,False,False,False,False
S1296,22,4.6,1.8,3.0,74.4,6.3,6,8,86.2,1,1,1,False,False,False,False
S1297,23,4.1,2.8,1.4,82.4,3.5,2,3,60.1,2,1,3,False,False,False,False
S1298,21,5.4,3.1,1.8,88.1,6.2,3,4,91.3,0,1,1,False,False,False,True
S1299,24,4.5,3.1,0.5,100.0,7.7,3,10,93.8,1,1,2,False,False,False,False
S1300,17,3.3,2.6,3.7,71.0,5.7,6,4,61.6,0,2,1,False,False,False,True
S1301,17,1.7,3.4,3.9,97.0,6.6,3,6,41.7,2,1,1,True,False,True,False
S1302,19,3.2,3.1,2.0,86.8,5.6,5,9,74.5,1,0,1,False,False,False,False
S1303,22,2.2,1.0,2.9,93.4,6.9,6,6,63.7,2,2,0,False,False,False,False
S1304,18,2.6,3.5,2.0,84.0,6.2,0,1,39.6,2,1,2,True,False,False,False
S1305,21,4.4,3.6,0.3,76.6,5.4,2,5,87.5,1,2,1,False,False,False,True
S1306,20,6.0,1.6,1.3,92.5,8.1,5,9,100.0,1,1,2,False,False,False,False
S1307,18,4.1,2.5,1.9,91.5,7.6,2,5,75.4,1,2,0,False,False,True,False
S1308,24,1.7,3.3,1.3,94.7,5.8,6,6,61.5,1,2,3,True,False,False,True
S1309,22,4.2,2.2,1.6,84.9,7.1,5,3,73.3,1,2,1,True,False,False,True
S1310,24,5.3,3.8,1.7,79.0,7.1,6,8,96.3,2,1,3,False,True,False,False
S1311,23,2.6,5.3,1.7,69.4,7.3,5,10,67.0,2,1,2,False,False,True,False
S1312,20,3.3,1.6,1.9,93.2,4.5,6,4,70.1,2,1,3,True,False,False,False
S1313,23,3.5,0.8,0.6,89.2,7.7,0,4,84.2,2,2,1,False,False,False,False
S1314,19,2.3,2.9,1.0,75.3,5.8,2,5,48.9,2,2,2,False,False,False,True
S1315,24,4.5,3.4,0.4,79.6,6.1,5,10,98.8,1,0,1,False,False,False,False
S1316,19,3.3,2.2,2.9,80.3,9.7,0,9,76.1,2,0,1,False,False,True,False
S1317,17,4.1,4.2,0.0,70.2,6.9,1,8,80.4,2,1,1,True,False,False,True
S1318,23,2.2,0.9,3.1,76.8,6.0,6,7,64.1,1,0,1,True,False,False,False
S1319,22,2.8,3.3,3.3,73.7,3.9,4,5,59.4,2,1,3,True,False,False,True
S1320,24,4.6,1.8,1.5,80.9,8.2,5,9,94.2,1,0,0,False,False,False,True
S1321,21,2.9,4.6,0.0,77.6,4.9,3,9,67.8,2,2,2,True,False,True,True
S1322,20,6.1,4.9,1.4,68.7,5.3,0,10,96.1,2,2,2,True,False,False,False
S1323,18,2.9,1.6,1.7,100.0,6.1,0,10,70.2,2,2,2,True,False,False,False
S1324,22,3.8,1.8,0.7,97.5,8.2,5,2,84.2,1,1,2,False,False,False,False
S1325,22,4.9,3.5,1.2,77.2,7.4,0,4,75.4,2,2,1,False,False,False,False
S1326,19,1.4,2.0,3.5,87.7,6.3,1,8,41.7,1,2,2,True,False,False,False
S1327,23,0.9,2.4,2.5,89.2,6.9,0,1,23.1,1,0,1,True,False,False,False
S1328,24,1.2,2.5,0.8,96.9,5.8,4,5,50.3,2,2,3,False,False,True,False
S1329,24,5.4,0.2,0.0,76.8,6.7,4,8,100.0,1,1,2,True,False,False,False
S1330,17,2.7,2.5,1.4,95.9,6.6,6,2,52.2,2,1,3,True,False,False,False
S1331,17,7.3,1.7,1.6,79.5,7.7,6,2,100.0,1,1,0,True,False,False,True
S1332,20,2.7,1.9,2.3,71.6,7.7,3,8,71.2,1,0,1,True,False,False,False
S1333,19,3.8,4.2,1.2,92.2,7.1,1,10,72.3,2,2,1,True,False,False,False
S1334,22,5.8,1.0,2.4,97.9,6.1,4,9,100.0,1,1,0,False,False,False,False
S1335,24,6.5,3.5,3.9,100.0,7.4,5,7,100.0,0,1,1,True,False,False,True
S1336,21,6.6,2.2,2.7,73.0,6.4,2,8,100.0,2,0,2,False,False,False,True
S1337,19,5.3,2.2,1.7,92.0,5.2,2,5,93.1,1,2,1,True,False,False,False
S1338,20,5.0,3.4,1.6,80.9,6.0,2,1,67.7,2,1,2,False,False,True,True
S1339,20,4.4,2.9,1.4,92.8,6.6,6,4,77.9,1,2,3,False,False,False,True
S1340,19,4.7,3.2,3.1,70.3,7.6,5,2,80.3,1,2,2,True,False,True,False
S1341,20,2.7,3.7,1.1,72.4,6.3,0,3,44.3,1,1,1,False,False,False,False
S1342,19,2.3,2.1,1.8,77.2,5.0,5,3,54.7,1,1,1,True,False,False,False
S1343,18,3.5,1.8,1.9,85.8,6.6,0,9,85.0,1,2,1,False,True,False,False
S1344,19,3.2,1.2,1.2,78.6,6.6,2,10,81.7,1,0,1,True,False,False,True
S1345,23,2.8,1.5,0.3,91.6,6.7,3,4,71.6,1,0,2,True,False,False,False
S1346,19,4.5,6.0,2.2,95.3,7.6,3,2,73.7,0,2,1,True,False,True,True
S1347,20,4.9,4.0,1.7,91.0,7.7,0,3,77.0,1,1,3,False,True,False,False
S1348,24,3.6,0.9,2.4,100.0,5.8,2,3,72.3,0,1,2,False,False,False,False
S1349,23,5.7,0.9,1.2,89.2,5.8,5,7,100.0,0,1,2,False,False,False,False
S1350,20,1.8,3.1,3.1,72.8,5.3,3,8,54.0,2,1,1,True,False,False,False
S1351,17,3.2,3.2,0.8,98.6,7.3,0,6,70.4,2,2,1,False,False,False,False
S1352,17,2.4,3.2,3.7,78.9,8.2,5,4,47.0,2,2,2,True,False,False,True
S1353,24,0.7,2.2,0.0,94.1,6.1,2,6,48.7,1,2,1,False,False,False,False
S1354,24,3.4,2.3,2.3,100.0,6.2,1,1,47.6,2,2,1,True,False,False,False
S1355,23,3.3,2.9,2.3,89.6,8.3,2,10,81.1,2,1,1,True,False,True,False
S1356,18,5.8,2.6,0.9,70.0,7.1,6,8,100.0,2,1,1,True,False,True,False
S1357,24,4.4,0.0,2.3,75.8,7.0,2,1,81.9,1,1,2,True,False,False,False
S1358,17,2.0,2.2,3.2,98.2,5.1,5,5,56.3,2,1,1,False,False,False,False
S1359,19,6.3,1.5,0.0,83.3,7.3,5,2,100.0,2,2,2,True,False,False,True
S1360,20,5.3,2.7,2.4,85.8,5.4,4,6,81.0,2,2,1,False,False,True,False
S1361,17,4.4,6.1,0.0,92.6,5.1,4,9,84.9,0,1,2,True,False,False,True
S1362,17,3.2,2.9,0.7,92.0,6.1,5,5,67.9,1,0,3,False,False,False,False
S1363,18,2.1,2.1,3.6,87.8,5.8,5,4,56.9,1,0,3,True,False,False,False
S1364,23,2.9,3.6,1.2,82.9,6.2,1,2,45.9,1,1,1,True,False,False,False
S1365,23,5.1,3.1,0.5,81.9,4.8,1,3,76.0,2,0,0,False,False,True,False
S1366,22,6.3,3.0,1.6,93.6,7.7,2,6,94.8,0,1,1,True,False,False,True
S1367,18,5.8,3.2,4.1,90.5,7.9,6,8,99.3,0,2,2,True,False,False,False
S1368,19,2.8,5.0,0.0,82.4,4.2,3,8,71.0,1,2,2,False,False,True,False
S1369,23,1.8,1.1,0.6,95.8,7.7,6,5,70.9,0,1,2,False,False,True,False
S1370,20,3.7,3.1,3.4,83.7,5.5,1,5,59.8,1,1,1,True,False,True,True
S1371,24,0.8,1.4,3.8,76.5,7.5,2,10,36.0,2,1,2,True,False,True,False
S1372,18,4.0,3.2,1.7,77.4,6.4,6,3,68.4,1,2,1,False,False,False,False
S1373,24,3.3,1.4,0.4,75.2,6.5,0,7,72.9,0,2,2,True,False,False,True
S1374,17,2.8,2.0,4.1,82.3,6.3,4,6,57.3,1,2,1,True,False,True,False
S1375,20,1.1,2.1,3.6,97.3,8.0,6,1,50.3,1,1,2,True,False,True,True
S1376,20,4.3,3.7,2.5,76.9,5.0,3,4,65.7,0,2,0,False,False,False,False
S1377,17,2.7,3.6,0.9,86.9,7.2,2,6,67.9,2,0,1,False,False,False,True
S1378,18,1.7,1.0,1.7,78.4,7.8,6,6,63.6,2,2,2,True,False,False,False
S1379,17,0.0,2.6,1.6,82.4,7.4,5,3,32.9,2,1,1,True,False,False,False
S1380,24,3.5,1.6,2.2,69.9,9.3,0,6,67.7,2,1,2,True,False,False,False
S1381,22,6.2,1.0,3.4,82.8,5.9,4,10,100.0,0,2,2,False,False,False,False
S1382,20,6.0,2.2,2.8,83.1,7.6,0,6,96.8,2,1,2,True,False,True,False
S1383,21,2.8,2.1,0.6,90.4,6.4,2,9,71.0,2,0,1,True,False,False,True
S1384,21,2.6,5.4,3.3,87.2,8.0,1,9,59.8,2,0,1,False,False,False,False
S1385,24,4.2,3.0,2.1,73.0,6.5,4,2,64.2,0,0,2,True,False,False,False
S1386,19,2.0,0.8,2.6,95.8,6.0,0,4,45.2,2,0,1,False,False,False,False
S1387,23,4.0,1.8,3.4,87.1,8.1,1,9,82.9,2,0,2,True,False,False,True
S1388,17,4.6,3.7,0.6,87.0,5.9,3,4,73.2,2,1,1,True,False,False,True
S1389,17,5.3,5.0,1.8,84.9,4.8,2,8,79.6,0,1,1,True,False,False,False
S1390,19,3.3,0.6,1.2,79.8,5.9,2,10,73.0,2,2,1,False,False,True,False
S1391,19,3.2,0.2,0.1,87.2,7.2,4,3,72.6,2,1,0,False,False,True,False
S1392,24,2.2,4.7,2.2,89.8,8.2,0,3,45.2,2,0,1,False,False,False,False
S1393,24,2.3,3.0,4.6,67.5,6.6,3,9,51.8,1,1,2,True,False,False,False
S1394,19,3.2,1.5,0.0,79.6,8.1,5,10,92.0,2,2,2,False,False,False,False
S1395,20,4.1,3.1,1.8,82.5,4.9,4,8,77.8,1,2,1,True,False,False,False
S1396,24,4.9,0.0,2.5,87.6,6.0,5,1,97.2,1,1,3,True,False,True,False
S1397,22,2.3,2.5,1.9,96.9,6.2,4,10,71.9,1,2,2,False,False,True,True
S1398,24,5.7,2.9,1.7,77.3,6.4,0,2,69.1,2,2,3,True,False,False,True
S1399,17,3.1,3.6,0.4,80.0,6.6,3,3,59.6,0,2,2,True,False,False,True
S1400,24,3.5,1.3,2.1,79.9,7.3,0,2,60.4,1,2,2,True,False,False,False
S1401,20,2.4,2.6,1.0,77.0,6.0,2,3,48.3,2,2,0,True,False,False,True
S1402,19,0.0,1.4,0.0,81.5,6.7,5,8,50.1,2,2,1,True,False,False,True
S1403,17,4.8,2.8,3.1,92.7,6.4,1,6,74.9,1,2,0,False,False,False,False
S1404,24,4.6,1.4,2.9,74.5,5.4,6,7,85.6,2,1,2,True,False,True,True
S1405,20,3.1,2.0,1.9,89.3,6.4,2,10,65.4,2,2,1,False,False,False,True
S1406,22,3.6,1.3,2.1,68.0,6.3,2,10,82.4,0,2,2,False,False,False,True
S1407,24,4.3,3.3,3.0,79.4,6.3,5,6,67.3,1,0,1,True,False,False,True
S1408,20,1.2,3.5,2.0,81.7,6.5,4,1,34.3,0,2,2,True,False,False,False
S1409,22,2.7,2.2,2.8,100.0,6.6,2,3,53.0,1,1,1,True,False,False,False
S1410,19,4.7,2.5,1.5,82.3,6.0,6,1,78.0,1,1,1,False,False,False,False
S1411,24,1.6,0.8,3.2,63.0,8.0,3,10,58.2,2,2,1,True,False,True,False
S1412,22,3.9,2.1,2.2,65.0,5.1,2,9,73.7,2,1,1,False,False,False,False
S1413,17,1.5,2.4,2.0,85.3,5.6,3,9,60.3,0,1,1,True,False,True,False
S1414,19,4.2,5.6,0.4,91.1,9.8,0,5,78.7,0,0,2,False,False,False,True
S1415,17,3.4,1.2,2.1,88.8,5.3,4,4,68.3,1,1,0,True,False,True,True
S1416,21,1.1,4.3,0.9,86.7,4.9,3,9,49.9,1,1,1,True,False,False,False
S1417,18,5.2,3.7,1.1,96.6,7.4,2,9,100.0,1,1,2,False,False,False,True
S1418,24,2.4,2.8,0.9,79.6,4.0,4,3,54.7,2,1,0,False,False,False,True
S1419,22,2.3,4.6,0.6,93.9,6.2,6,5,58.7,2,2,3,True,False,False,False
S1420,18,3.8,2.9,4.1,68.7,9.1,4,3,70.8,1,2,3,False,False,True,False
S1421,18,5.2,3.0,3.3,76.0,4.6,3,10,87.1,2,0,0,False,False,False,True
S1422,22,2.0,2.4,3.9,66.9,4.1,3,2,29.5,1,2,1,False,False,False,True
S1423,19,3.6,4.0,0.5,82.3,4.7,1,1,53.2,2,0,1,False,False,False,False
S1424,24,4.1,3.8,1.9,84.5,7.6,1,10,73.0,1,0,2,True,False,True,False
S1425,21,4.5,1.7,0.4,86.1,7.8,4,2,71.1,0,0,2,True,False,False,True
S1426,17,3.8,0.9,1.0,85.6,5.9,5,8,80.9,2,2,2,True,False,False,False
S1427,20,2.9,2.3,0.8,75.7,7.3,5,8,75.1,1,2,2,False,False,True,False
S1428,17,2.3,1.5,3.2,83.1,8.2,1,3,52.4,2,1,1,False,False,False,False
S1429,20,3.6,2.4,1.4,70.0,8.6,2,7,67.6,1,1,2,True,False,False,False
S1430,17,1.9,4.0,3.0,98.6,6.2,0,7,35.7,0,1,2,True,False,False,True
S1431,22,0.0,2.0,2.5,82.0,3.7,4,2,29.9,0,1,2,False,False,False,False
S1432,21,4.2,2.4,4.3,80.1,5.5,0,9,70.7,1,2,3,False,True,False,False
S1433,24,4.9,2.6,0.2,100.0,6.0,1,3,89.3,2,1,2,False,False,False,True
S1434,20,0.0,3.5,3.2,72.6,6.2,3,2,26.2,1,2,1,True,False,False,False
S1435,24,2.0,0.0,3.1,73.7,6.3,6,3,58.3,2,1,1,True,False,False,True
S1436,24,4.4,1.8,0.7,74.0,7.8,4,2,78.4,2,2,1,True,False,False,True
S1437,24,6.6,2.8,2.9,84.3,8.0,1,8,100.0,2,2,0,False,False,False,False
S1438,23,3.5,3.9,2.2,89.3,6.3,2,5,66.8,1,1,3,True,False,False,True
S1439,19,2.4,1.9,1.5,92.4,7.8,6,3,63.8,2,2,1,False,False,False,False
S1440,17,3.2,0.2,0.9,100.0,6.9,4,5,76.1,1,2,2,True,False,False,False
S1441,24,5.6,3.2,1.0,62.5,6.6,4,8,82.7,1,1,2,False,False,False,False
S1442,17,2.5,1.7,4.1,91.1,7.6,5,7,65.0,0,1,0,False,False,False,False
S1443,24,2.3,1.1,1.8,79.4,6.6,3,6,66.8,1,2,3,False,False,True,False
S1444,20,2.8,1.8,2.7,79.1,9.0,4,1,64.9,0,1,3,True,False,False,True
S1445,19,2.1,2.3,0.9,78.8,4.8,3,10,63.1,2,0,2,True,False,False,False
S1446,19,3.7,1.8,0.9,75.9,5.9,1,1,56.3,1,1,1,True,False,True,False
S1447,22,5.9,0.0,3.0,100.0,6.3,2,1,93.6,1,2,1,False,False,False,True
S1448,23,4.0,3.6,0.3,93.4,7.0,6,10,91.9,2,2,1,False,False,False,True
S1449,22,3.1,4.0,1.3,85.2,8.0,6,8,74.0,1,2,1,False,False,False,True
S1450,22,3.1,3.3,1.8,98.5,6.5,2,8,62.7,1,1,2,False,False,False,False
S1451,22,1.2,1.1,1.9,69.9,4.8,4,7,58.6,0,0,3,False,False,False,False
S1452,22,4.8,2.3,1.6,71.7,7.5,4,6,89.3,2,2,2,True,False,True,False
S1453,22,3.4,2.5,2.2,63.2,7.4,1,4,63.4,0,2,3,False,False,False,False
S1454,21,3.2,3.2,2.6,78.0,4.2,5,1,46.7,1,0,2,True,False,True,False
S1455,19,8.3,3.3,2.6,86.6,6.5,5,9,100.0,1,1,1,True,False,True,False
S1456,22,3.9,1.6,0.7,86.0,4.6,5,1,68.7,2,0,3,False,False,True,False
S1457,24,2.4,2.6,1.5,86.5,5.7,3,4,58.9,2,2,1,True,False,False,False
S1458,19,2.9,3.0,3.1,70.9,5.4,5,3,59.0,2,2,3,True,False,False,False
S1459,19,5.2,4.2,2.8,93.0,7.5,2,7,77.9,0,2,1,False,False,True,False
S1460,18,3.7,3.3,0.3,87.4,6.6,6,5,72.3,1,2,1,True,False,True,False
S1461,21,1.3,3.4,2.2,92.3,5.0,6,5,49.7,1,0,3,False,False,False,False
S1462,22,4.9,2.6,0.0,66.1,7.6,3,4,80.9,0,2,2,True,False,True,False
S1463,17,2.5,4.2,1.9,88.1,4.8,1,1,44.5,1,2,3,True,False,True,False
S1464,20,6.3,3.0,3.9,73.1,6.9,2,5,85.3,1,1,3,True,False,True,False
S1465,23,5.1,1.5,0.8,81.0,5.5,6,4,83.2,1,2,0,True,False,False,False
S1466,24,2.8,4.2,0.9,90.3,6.1,2,10,59.7,2,1,2,False,False,False,False
S1467,17,5.4,3.3,2.6,85.9,7.1,6,8,98.1,1,2,1,True,False,False,False
S1468,21,3.6,2.0,0.1,76.5,7.1,0,2,66.8,2,2,2,False,False,False,True
S1469,20,4.8,1.9,1.1,85.1,8.1,1,8,96.1,1,2,2,True,False,False,True
S1470,21,4.2,2.9,2.5,69.7,6.4,1,1,60.4,1,2,1,False,False,False,False
S1471,24,2.2,3.1,1.1,96.5,6.9,0,4,33.8,1,0,2,False,False,False,False
S1472,19,2.5,2.7,1.5,82.9,6.0,3,3,56.1,0,1,2,False,False,False,False
S1473,20,5.0,2.9,2.6,96.2,6.7,6,5,80.6,0,1,1,True,False,False,False
S1474,19,3.0,4.5,2.3,79.7,7.0,6,5,52.6,1,2,2,True,False,True,False
S1475,24,2.9,3.8,2.1,79.8,6.4,6,5,52.1,2,2,2,True,False,False,True
S1476,17,2.1,2.7,1.4,77.4,4.3,5,4,39.9,2,2,3,False,False,False,True
S1477,24,4.1,3.6,2.2,93.8,6.9,5,8,84.0,0,0,1,True,False,False,False
S1478,17,6.6,1.3,1.7,77.9,6.9,5,3,97.7,2,2,1,False,False,False,True
S1479,20,1.9,3.0,2.3,91.4,5.7,5,4,43.3,2,2,2,False,False,False,False
S1480,20,3.5,4.7,1.3,81.2,5.0,5,1,55.9,2,2,0,True,False,True,False
S1481,22,5.6,2.2,1.6,65.2,8.3,0,7,84.6,2,0,3,False,False,False,False
S1482,21,3.4,1.5,0.7,79.3,7.1,1,1,67.0,1,0,0,True,False,False,False
S1483,22,4.2,1.7,1.8,73.2,6.2,3,2,76.0,1,0,2,True,False,False,False
S1484,21,1.9,1.2,0.9,85.3,5.1,2,7,56.9,1,2,2,False,False,False,True
S1485,22,4.1,1.6,0.6,73.1,5.5,5,1,77.5,1,2,1,False,False,False,False
S1486,19,3.2,2.1,2.1,94.3,8.1,0,3,69.4,1,2,0,False,False,False,False
S1487,20,5.0,0.8,2.0,84.1,6.7,6,6,94.6,1,1,2,True,False,False,True
S1488,17,5.3,2.5,2.7,83.2,5.8,3,6,93.4,2,1,2,True,False,True,True
S1489,21,7.4,3.6,1.3,91.6,7.1,3,6,100.0,2,2,1,False,False,False,True
S1490,24,4.4,1.4,2.2,94.6,5.5,3,2,63.6,2,2,3,False,False,False,True
S1491,21,4.0,4.3,2.4,84.8,8.3,0,2,53.0,2,2,1,False,False,False,False
S1492,17,3.8,3.1,2.3,77.3,8.1,2,6,67.8,2,2,1,True,False,False,False
S1493,22,3.0,3.7,0.9,67.3,5.9,5,10,73.9,0,1,2,False,False,False,False
S1494,21,4.0,1.7,2.0,78.1,5.7,3,5,66.5,1,2,1,True,False,False,False
S1495,23,3.1,3.5,2.2,78.8,3.4,0,7,49.9,1,2,3,True,False,False,False
S1496,19,3.8,1.2,1.8,86.1,4.7,6,7,73.9,2,1,1,False,False,False,False
S1497,20,5.5,3.6,0.0,81.5,4.9,1,5,80.3,1,1,0,True,False,False,False
S1498,17,2.0,2.7,2.0,91.9,6.7,6,8,71.7,2,1,1,False,False,False,False
S1499,20,5.2,3.2,4.2,78.9,6.1,0,10,83.3,0,0,2,True,False,True,False
S1500,23,5.5,1.1,1.4,84.4,4.9,0,6,84.5,1,2,2,True,False,False,False
S1501,21,3.3,1.4,1.0,96.8,6.2,0,5,74.9,2,0,2,False,False,False,False
S1502,21,0.3,3.2,2.2,88.4,7.1,3,4,34.0,0,1,0,False,False,False,True
S1503,24,2.6,1.4,2.1,84.4,7.1,0,7,63.0,1,1,1,False,False,True,False
S1504,23,5.4,3.1,3.1,79.0,4.2,1,4,77.9,1,2,2,False,False,False,False
S1505,17,3.5,0.9,0.4,78.7,6.3,3,5,72.9,1,1,0,False,False,False,True
S1506,24,2.0,3.5,2.6,76.5,4.8,6,5,53.2,2,2,3,False,False,False,False
S1507,19,2.7,1.0,2.4,79.6,7.6,1,1,57.3,1,0,0,False,False,False,False
S1508,24,4.8,3.2,1.6,92.6,7.4,4,1,76.6,1,0,2,True,False,False,True
S1509,18,4.3,3.3,2.2,82.8,5.4,6,3,64.6,0,1,1,False,False,False,False
S1510,17,3.1,1.7,2.9,71.5,5.6,0,3,51.1,2,1,2,True,False,True,True
S1511,18,2.9,3.2,2.8,100.0,5.9,5,2,63.0,1,1,1,False,True,False,False
S1512,23,2.9,2.8,0.5,88.2,3.8,5,2,61.6,2,0,0,False,False,False,True
S1513,22,2.1,1.9,2.7,70.9,6.9,3,6,62.5,2,2,1,True,False,True,False
S1514,18,5.9,1.3,1.7,80.6,6.2,5,1,87.1,1,2,1,False,False,False,True
S1515,19,3.0,0.1,1.9,86.1,7.7,6,6,82.5,2,0,1,False,False,False,True
S1516,24,5.3,2.9,1.9,100.0,5.2,3,5,80.9,2,0,2,True,False,False,True
S1517,22,5.8,0.6,1.6,73.9,5.8,6,6,100.0,1,2,2,False,False,False,False
S1518,24,5.0,2.6,3.1,94.8,4.7,0,5,79.6,0,2,2,False,False,False,False
S1519,18,2.9,2.2,1.7,99.0,5.3,2,7,71.2,2,1,2,True,False,True,False
S1520,24,4.1,3.3,0.6,78.7,5.1,2,1,62.7,2,2,2,False,False,True,False
S1521,23,3.5,2.1,1.4,82.2,7.7,1,3,64.2,1,2,1,True,False,False,False
S1522,22,2.1,2.1,2.0,74.6,5.7,0,6,44.1,1,2,1,False,False,False,True
S1523,23,4.0,3.4,3.2,83.0,6.6,5,1,61.7,2,1,1,False,True,False,False
S1524,18,1.7,2.9,2.5,84.6,6.0,0,7,39.9,2,1,2,False,False,False,True
S1525,23,5.3,2.9,0.9,91.6,5.0,4,4,84.1,2,0,1,True,False,False,False
S1526,19,2.8,3.1,4.5,95.9,6.3,2,3,40.7,1,2,0,False,False,False,False
S1527,18,3.8,0.7,2.1,77.5,7.2,5,10,81.8,2,2,2,False,False,False,False
S1528,18,3.9,3.4,3.2,65.3,5.1,6,9,77.0,1,1,1,True,False,False,True
S1529,18,3.1,3.2,1.6,84.8,7.5,6,1,65.7,1,2,3,False,False,False,False
S1530,17,4.4,1.3,2.4,87.9,5.5,2,8,80.9,2,2,3,True,False,False,True
S1531,24,2.8,2.2,2.7,87.5,5.9,0,1,47.4,2,2,0,False,False,False,True
S1532,17,4.8,2.5,3.1,81.7,7.1,5,5,83.0,1,2,1,True,False,True,True
S1533,17,1.5,2.3,3.0,86.2,5.7,1,10,54.2,1,2,1,True,False,False,False
S1534,19,3.7,2.9,2.8,100.0,6.5,6,8,82.5,2,1,2,True,False,False,False
S1535,22,6.4,4.2,1.5,88.8,6.1,0,6,85.0,1,2,1,False,False,True,False
S1536,24,2.0,3.8,1.2,81.3,6.7,1,7,40.4,2,2,2,True,False,False,True
S1537,23,2.5,0.9,2.2,80.0,3.6,5,8,58.9,2,1,2,False,False,True,False
S1538,21,4.3,3.2,2.8,83.3,4.3,2,6,67.5,0,0,1,True,False,False,False
S1539,18,3.8,4.1,1.6,100.0,7.2,4,6,81.0,2,2,0,True,False,False,True
S1540,23,4.0,3.0,3.0,83.2,7.7,3,6,74.7,2,1,2,False,False,False,True
S1541,18,4.2,3.8,3.4,84.8,5.4,2,5,67.4,2,2,1,False,False,True,False
S1542,19,4.5,4.9,0.8,80.2,6.2,1,8,72.2,2,0,2,True,False,False,False
S1543,18,5.2,3.7,0.9,96.0,6.9,0,2,77.1,2,0,1,False,False,False,False
S1544,17,4.1,2.8,1.6,100.0,7.3,6,7,87.9,0,1,2,False,False,False,False
S1545,24,3.1,3.8,2.1,89.5,4.1,5,4,54.1,1,1,3,False,False,False,True
S1546,21,4.5,2.7,1.2,85.8,5.4,2,1,62.9,2,2,3,True,False,True,True
S1547,20,6.3,2.5,3.3,85.4,6.1,6,5,95.6,1,2,1,True,False,False,False
S1548,18,3.3,2.1,2.3,61.2,7.3,6,3,67.1,0,0,1,False,False,False,False
S1549,23,2.0,4.4,1.8,92.5,9.5,4,4,51.5,2,1,2,True,False,False,False
S1550,17,5.2,1.5,0.2,86.3,6.2,5,7,97.9,2,1,1,False,False,True,False
S1551,20,3.3,4.3,0.4,89.3,4.8,1,5,67.0,0,1,1,False,False,True,False
S1552,21,0.2,3.1,2.1,77.9,7.0,5,4,31.5,2,2,3,False,False,True,True
S1553,20,4.8,0.8,0.0,81.2,8.1,5,1,88.0,2,1,1,False,False,False,False
S1554,17,2.7,2.9,2.9,80.9,6.6,0,6,53.4,1,0,0,False,True,False,False
S1555,24,3.4,0.0,1.6,95.2,5.4,3,10,83.4,2,1,0,True,False,False,True
S1556,24,4.0,3.3,5.4,81.2,7.6,6,6,79.0,1,0,2,False,False,False,False
S1557,22,3.8,3.6,4.3,100.0,7.3,1,7,69.9,0,0,2,True,False,False,True
S1558,24,4.6,1.8,1.6,89.3,5.3,0,1,60.1,1,1,1,True,False,False,True
S1559,22,2.8,2.6,1.7,72.2,7.0,6,4,70.3,1,2,1,False,False,False,False
S1560,20,4.3,4.8,2.9,83.7,7.7,3,9,79.8,1,2,1,False,False,True,False
S1561,19,3.1,1.9,3.7,78.5,7.9,0,10,66.6,2,2,2,False,True,False,True
S1562,23,4.6,1.2,0.0,63.1,6.4,3,6,91.7,2,1,0,False,False,False,False
S1563,23,4.4,4.3,0.0,100.0,6.1,3,2,70.1,1,1,3,True,False,True,False
S1564,20,2.1,4.9,1.1,92.0,8.0,3,4,61.5,2,1,1,True,False,False,False
S1565,18,5.1,2.5,2.4,90.3,5.0,0,6,79.3,0,2,3,False,False,False,False
S1566,18,2.7,3.7,2.3,86.7,7.0,5,4,63.9,0,2,1,True,False,False,True
S1567,24,4.7,4.1,3.0,71.2,4.9,3,10,93.1,2,0,2,True,False,False,True
S1568,23,4.1,1.6,0.5,80.2,7.8,5,7,89.8,0,0,1,True,False,False,True
S1569,23,6.3,1.9,0.0,93.4,6.2,6,3,100.0,1,2,0,True,False,False,True
S1570,22,3.2,4.0,2.7,74.5,8.0,6,6,61.8,2,2,3,True,False,False,True
S1571,19,3.0,4.5,0.9,59.7,7.1,1,4,51.5,1,2,3,True,False,False,True
S1572,17,3.5,3.2,0.0,82.7,5.0,4,3,60.4,2,2,1,True,False,False,False
S1573,18,3.0,1.4,2.0,83.6,8.2,5,3,67.2,1,2,2,True,False,False,False
S1574,23,4.7,4.9,2.7,86.4,8.4,6,2,89.6,0,1,2,False,True,False,False
S1575,22,1.1,1.9,1.7,92.3,7.6,4,3,48.3,1,2,3,True,False,False,True
S1576,21,1.9,2.1,1.3,91.4,5.6,3,10,61.7,1,2,1,True,False,False,False
S1577,22,1.9,2.9,1.6,87.6,6.1,4,1,44.4,1,2,2,False,False,True,True
S1578,18,4.9,4.4,1.4,97.0,6.7,4,3,77.2,1,1,1,True,False,True,False
S1579,18,6.1,3.5,0.3,69.8,5.7,3,9,100.0,2,1,1,False,False,True,True
S1580,22,3.3,3.0,1.0,90.0,8.5,5,4,73.0,2,1,3,False,False,False,False
S1581,17,3.2,3.1,2.4,91.3,6.7,3,3,68.5,1,1,1,True,False,False,False
S1582,20,3.6,2.6,2.2,72.6,3.3,1,8,61.0,1,2,1,True,False,False,False
S1583,18,5.2,3.2,2.0,70.0,6.9,2,1,70.5,1,0,2,False,False,False,True
S1584,22,2.1,0.0,0.7,77.5,6.1,0,5,52.5,2,1,2,False,False,False,False
S1585,23,3.9,2.1,1.6,78.4,6.4,3,1,62.8,2,2,1,True,False,False,False
S1586,22,5.0,2.8,0.0,92.5,6.1,3,7,83.5,1,0,1,False,False,True,True
S1587,19,4.3,1.1,2.0,78.9,7.5,4,5,71.4,2,1,3,True,False,False,False
S1588,20,3.8,3.0,3.4,76.4,7.8,1,2,61.5,1,1,1,False,True,False,False
S1589,21,5.0,2.3,0.2,78.9,6.8,6,1,75.4,0,2,2,True,False,False,False
S1590,17,0.0,4.6,1.2,96.2,6.1,6,7,42.0,0,1,2,False,False,False,False
S1591,24,4.5,4.4,2.2,85.1,6.5,4,1,64.0,1,2,1,False,False,False,False
S1592,21,2.5,1.9,3.2,83.2,6.5,5,3,60.1,1,1,3,False,False,True,False
S1593,20,0.8,2.3,1.3,83.9,5.5,3,6,34.7,0,2,2,False,False,True,False
S1594,20,4.3,2.4,1.0,97.9,7.2,3,6,88.0,2,1,1,True,False,True,False
S1595,20,5.6,2.0,0.0,77.5,7.1,4,7,100.0,1,1,2,True,False,False,False
S1596,21,3.3,2.7,1.9,98.2,8.3,3,1,66.1,1,0,2,True,False,False,False
S1597,23,4.9,1.6,4.0,87.1,8.0,5,7,95.5,1,0,2,True,False,False,False
S1598,20,5.9,1.1,2.1,83.4,5.7,2,2,86.4,0,1,3,False,False,True,True
S1599,22,5.5,3.2,1.8,100.0,7.5,0,6,77.3,1,0,1,True,False,False,False
S1600,21,6.0,3.3,2.2,74.4,5.4,0,8,90.2,1,1,1,True,False,False,True
S1601,24,4.6,1.5,1.8,81.5,7.3,0,5,80.2,1,2,1,False,True,False,True
S1602,20,3.6,3.6,0.9,72.7,5.9,2,10,72.9,0,1,0,False,False,False,True
S1603,22,1.1,1.7,2.7,94.5,5.3,3,3,35.8,1,1,0,False,False,False,False
S1604,23,3.1,2.8,2.0,100.0,6.8,4,8,72.8,0,2,3,False,True,False,True
S1605,19,2.2,3.5,1.8,100.0,3.3,6,8,67.6,2,2,2,True,False,False,False
S1606,23,6.8,2.5,0.7,97.2,4.4,1,4,93.1,2,0,2,True,False,False,False
S1607,24,3.2,3.0,3.2,83.0,6.3,3,8,57.5,0,1,2,False,False,False,True
S1608,20,3.7,1.9,2.5,81.3,6.6,2,5,61.1,1,2,2,False,False,False,True
S1609,24,4.3,2.3,1.2,68.3,6.1,5,5,77.4,0,0,1,True,False,False,False
S1610,21,3.6,2.3,2.9,100.0,4.6,2,3,69.6,1,2,3,False,False,False,False
S1611,18,6.0,1.6,1.3,89.7,5.5,6,7,100.0,1,0,1,True,False,False,False
S1612,20,2.6,2.3,0.9,80.1,7.0,0,9,69.3,1,2,3,True,False,False,False
S1613,18,3.8,0.6,1.0,98.3,7.2,3,9,85.7,1,1,2,False,False,False,False
S1614,22,2.4,1.9,0.0,75.3,6.5,6,1,53.9,2,2,1,False,False,False,False
S1615,19,1.5,2.2,2.3,89.1,7.9,0,1,43.7,1,1,2,False,False,False,False
S1616,17,2.6,2.2,0.0,83.3,7.0,1,10,79.3,1,2,2,True,False,False,False
S1617,24,3.4,2.2,0.4,91.4,5.6,5,5,71.3,1,0,1,False,False,False,False
S1618,23,2.9,2.4,0.0,84.4,6.2,0,1,61.4,2,1,2,True,False,False,True
S1619,19,2.5,3.1,1.7,70.5,4.8,1,4,45.1,2,2,1,True,False,False,False
S1620,20,1.4,3.5,1.6,85.8,6.4,2,1,39.8,1,1,0,False,False,False,False
S1621,18,3.4,1.7,1.4,95.5,7.8,0,2,70.7,2,2,3,False,False,False,False
S1622,23,1.2,1.1,0.7,84.7,7.3,0,2,35.6,1,1,2,False,False,False,True
S1623,18,4.6,1.2,0.5,92.8,8.2,4,4,93.0,2,2,3,False,False,False,False
S1624,21,3.6,1.9,2.3,74.5,6.1,5,8,83.2,2,1,2,False,False,False,True
S1625,18,1.3,2.1,1.2,84.7,8.1,5,2,46.6,0,2,1,False,False,False,True
S1626,21,3.0,1.6,2.1,78.8,6.3,6,9,70.8,2,2,2,True,False,False,True
S1627,22,2.4,0.9,0.8,92.5,8.3,2,9,78.3,1,1,2,True,False,False,False
S1628,23,4.0,2.0,2.0,85.3,6.5,4,2,70.7,1,2,3,True,False,False,True
S1629,23,5.5,2.7,3.2,91.9,7.3,6,1,82.6,1,2,1,True,False,True,False
S1630,17,0.7,3.2,2.4,95.9,8.3,1,10,50.3,2,1,3,False,False,False,True
S1631,20,3.7,1.8,1.3,91.9,6.3,6,10,80.9,1,2,3,False,False,False,False
S1632,21,3.3,2.0,2.1,87.7,6.8,1,9,75.4,0,0,2,True,False,False,True
S1633,17,4.5,1.4,1.5,75.0,8.0,2,2,83.7,2,2,3,True,False,False,True
S1634,18,3.8,2.5,1.8,85.0,6.3,5,8,76.8,0,1,1,False,False,False,False
S1635,18,2.4,1.5,1.4,79.7,4.9,1,3,45.8,0,0,3,True,False,False,False
S1636,17,3.0,3.2,1.6,81.6,9.1,2,1,58.4,1,1,2,False,False,False,True
S1637,23,2.3,0.4,2.0,81.3,5.9,6,1,70.3,1,2,0,False,False,False,True
S1638,18,5.1,2.1,0.7,75.2,6.7,1,10,99.4,1,2,3,False,False,True,True
S1639,24,3.5,2.9,0.7,65.4,7.9,3,2,62.9,0,2,1,False,False,False,False
S1640,22,6.4,2.7,0.3,78.3,5.8,0,7,98.0,2,1,1,False,False,True,False
S1641,22,3.4,5.7,0.0,86.9,5.3,6,6,74.7,2,0,2,True,False,False,False
S1642,24,2.4,2.9,0.5,71.5,6.8,5,2,50.4,1,2,1,False,False,False,True
S1643,17,1.2,1.3,2.0,85.2,4.3,6,4,49.4,1,2,1,False,False,False,False
S1644,24,0.8,2.4,0.8,100.0,6.2,3,2,35.3,1,1,2,True,False,False,True
S1645,21,1.1,0.4,2.4,95.2,6.8,2,1,46.3,2,1,0,False,False,True,True
S1646,21,3.9,2.4,1.8,100.0,6.2,2,3,68.4,0,1,1,False,False,False,False
S1647,17,4.3,1.5,0.0,88.9,4.6,6,4,84.2,0,1,0,False,False,False,False
S1648,24,1.1,3.6,2.5,96.7,8.4,3,10,54.6,2,2,1,False,False,False,True
S1649,21,4.8,1.8,2.7,77.8,6.6,6,5,88.0,1,1,2,False,False,False,False
S1650,23,2.8,2.4,0.7,78.6,8.2,0,5,61.5,1,2,2,False,False,False,False
S1651,24,3.7,1.7,2.3,57.6,6.2,0,7,75.7,2,1,3,False,False,True,False
S1652,23,5.9,4.6,0.9,96.9,5.4,4,10,100.0,2,1,2,False,False,False,False
S1653,21,4.8,2.1,1.9,100.0,6.8,1,8,82.6,1,2,1,False,False,False,False
S1654,22,3.1,4.7,0.4,79.5,6.2,4,9,71.5,2,2,3,False,False,False,False
S1655,21,2.2,3.5,0.0,82.5,5.1,0,7,57.6,0,1,2,False,False,False,False
S1656,23,0.3,3.1,1.4,77.5,8.3,3,5,36.1,2,2,2,True,False,True,False
S1657,19,2.4,2.9,1.7,88.8,5.8,1,9,67.4,1,1,2,False,False,False,True
S1658,20,3.2,3.0,1.4,96.2,4.3,3,8,74.8,2,2,3,False,False,True,False
S1659,18,2.0,0.2,0.5,67.6,8.1,4,10,73.6,2,1,2,True,False,False,True
S1660,24,3.3,2.2,1.4,89.1,5.9,2,9,79.5,2,2,1,False,False,False,True
S1661,19,3.6,3.5,2.1,82.2,5.8,3,10,62.5,2,0,2,True,False,False,False
S1662,21,3.2,2.4,1.8,86.1,4.4,4,8,76.3,1,1,0,True,False,False,True
S1663,22,2.5,0.8,2.0,89.6,8.6,4,6,75.6,1,2,1,False,False,False,False
S1664,17,3.8,2.4,1.1,83.1,5.0,4,4,64.4,1,2,1,True,False,False,False
S1665,21,4.2,4.5,3.1,84.0,6.6,2,9,75.3,2,1,1,False,False,False,False
S1666,22,1.9,4.0,0.5,82.9,7.6,2,9,50.4,2,1,0,False,False,True,True
S1667,20,5.6,2.4,2.3,94.7,7.0,6,10,100.0,1,1,1,False,False,False,True
S1668,21,3.4,3.6,3.1,89.2,6.4,2,10,76.4,2,2,2,True,False,False,False
S1669,23,3.5,2.1,2.3,87.2,4.5,1,9,69.9,2,2,2,True,False,False,False
S1670,17,4.6,0.5,1.6,72.3,5.5,2,10,88.9,2,2,3,False,False,False,True
S1671,22,3.8,1.4,1.2,81.2,6.7,2,3,70.4,2,1,1,False,True,False,True
S1672,22,4.9,4.4,2.9,94.0,5.6,2,3,69.4,1,2,2,False,False,False,False
S1673,22,3.9,2.2,0.2,85.4,6.7,3,6,84.9,0,1,3,True,False,False,True
S1674,20,2.6,2.2,0.7,91.6,7.3,2,6,63.6,0,0,1,False,False,False,False
S1675,21,4.0,2.1,1.4,100.0,7.7,1,6,82.2,1,2,2,False,False,False,False
S1676,20,1.8,4.8,3.2,95.4,5.0,4,5,37.4,2,2,2,False,False,False,False
S1677,24,3.7,4.5,2.2,85.9,9.1,3,5,73.8,2,2,0,True,False,False,False
S1678,18,3.5,5.2,0.7,79.9,7.4,0,2,53.4,2,2,3,False,False,True,True
S1679,18,3.2,2.3,1.5,59.5,6.5,2,7,64.2,2,2,2,False,False,False,False
S1680,24,3.3,2.9,1.1,83.3,7.8,6,4,70.4,0,2,0,False,True,False,False
S1681,21,0.7,0.7,1.0,81.7,9.3,6,3,51.5,0,1,0,True,False,False,False
S1682,23,2.7,4.3,2.9,88.9,4.8,4,8,53.4,0,1,0,False,False,False,False
S1683,20,3.6,1.1,0.3,83.5,6.2,4,4,77.2,1,2,1,False,False,True,False
S1684,17,3.7,2.8,3.6,81.8,3.6,3,4,59.8,1,2,2,True,False,False,True
S1685,22,2.0,1.2,2.7,67.2,6.7,6,8,55.4,0,1,2,False,False,False,False
S1686,22,5.4,1.8,3.0,75.6,6.9,0,1,69.9,1,1,1,False,False,True,False
S1687,21,2.2,1.5,1.3,89.8,6.5,5,9,71.6,0,1,3,True,False,True,False
S1688,23,5.0,1.8,1.6,100.0,5.7,6,7,92.9,2,0,1,True,False,False,False
S1689,18,4.1,1.9,0.2,84.0,4.0,6,2,72.4,1,2,0,False,False,False,False
S1690,18,2.5,1.8,1.2,88.3,6.9,1,6,70.5,1,1,1,True,False,True,False
S1691,22,6.2,3.5,2.3,94.5,8.2,5,8,100.0,1,2,2,False,False,False,False
S1692,21,1.7,1.2,3.2,76.9,5.8,4,5,37.4,2,1,1,True,False,False,True
S1693,20,4.9,2.8,0.6,88.7,7.0,5,6,88.7,1,1,1,False,False,False,False
S1694,18,5.0,4.0,1.4,77.6,4.6,6,10,88.6,1,0,1,True,False,False,False
S1695,20,2.5,1.9,1.6,93.6,7.0,4,8,68.5,2,2,2,False,False,False,False
S1696,23,5.6,1.6,0.3,86.5,6.0,5,6,100.0,1,2,3,False,True,False,False
S1697,18,3.1,2.2,2.5,88.0,5.6,4,9,66.9,2,2,1,False,True,False,False
S1698,18,3.9,3.9,1.0,77.2,5.6,4,9,71.5,1,0,1,False,False,False,False
S1699,19,3.9,2.7,1.6,92.1,6.0,3,9,77.8,1,1,2,True,False,False,False
S1700,18,3.3,1.9,1.3,100.0,7.0,0,6,67.7,0,0,2,False,False,False,True
S1701,24,4.7,3.1,0.9,74.9,4.9,4,9,96.4,2,1,1,True,False,False,True
S1702,17,4.7,1.2,1.8,81.6,6.0,1,3,83.1,1,2,3,True,False,False,False
S1703,24,0.9,3.3,1.6,87.3,6.5,6,5,37.9,0,2,2,True,False,True,False
S1704,21,5.5,3.0,1.4,92.9,5.2,6,2,76.3,1,2,1,False,False,False,True
S1705,21,1.0,2.1,1.0,79.4,8.7,1,8,52.6,1,1,2,False,False,False,True
S1706,20,5.0,1.5,2.2,56.7,5.5,2,4,83.6,0,1,3,False,False,False,False
S1707,24,5.2,1.4,3.6,98.6,5.7,4,6,92.0,2,1,2,True,False,False,False
S1708,24,1.9,3.1,2.0,92.6,5.3,4,6,53.2,2,0,0,True,False,False,False
S1709,24,2.9,4.0,2.9,67.6,8.7,4,5,56.4,0,2,1,False,True,False,True
S1710,23,1.8,1.7,0.3,78.9,7.2,5,1,58.1,1,2,1,True,False,False,False
S1711,18,3.2,3.1,2.0,100.0,5.4,4,7,70.9,2,1,1,True,False,False,False
S1712,17,3.0,0.0,0.6,99.5,7.8,4,10,98.7,1,1,2,True,False,True,False
S1713,20,4.7,1.8,0.2,94.4,6.7,1,8,83.3,1,2,2,False,False,True,False
S1714,24,5.5,2.5,1.0,83.2,6.8,0,1,80.6,1,2,2,False,False,False,True
S1715,24,5.6,1.4,3.1,85.8,6.1,0,10,91.3,2,2,3,True,False,False,False
S1716,19,2.7,1.4,2.8,83.7,5.6,2,7,63.5,2,1,1,True,False,False,True
S1717,20,3.2,1.7,2.1,96.3,6.9,1,4,66.3,2,1,3,False,False,True,True
S1718,24,1.0,2.9,0.1,76.2,5.8,4,6,49.9,0,2,2,False,False,False,False
S1719,20,2.3,2.3,1.6,76.9,8.7,0,9,68.9,1,2,1,True,False,True,False
S1720,18,4.9,0.0,2.1,95.1,5.0,3,5,94.2,2,1,2,False,False,True,False
S1721,19,5.9,0.0,2.0,84.6,8.3,3,8,100.0,0,2,1,True,False,True,False
S1722,20,1.6,1.8,0.0,98.8,6.4,3,5,58.6,2,2,2,True,False,False,False
S1723,17,2.6,3.0,0.8,78.3,6.9,4,2,53.2,2,1,2,False,False,False,False
S1724,17,3.5,0.0,1.7,84.5,7.5,4,4,70.5,0,1,1,True,False,False,True
S1725,21,3.9,1.9,2.4,75.8,5.7,2,2,64.0,2,1,2,False,False,False,False
S1726,19,2.3,1.9,0.0,85.1,7.5,6,7,77.4,1,0,2,True,False,True,True
S1727,19,4.1,4.2,1.6,70.2,3.3,2,7,57.4,2,2,1,True,False,False,False
S1728,21,2.8,2.0,2.0,80.1,5.6,2,3,59.9,1,1,0,False,True,False,True
S1729,20,3.5,3.0,2.7,70.6,5.4,5,7,66.7,1,2,1,True,False,False,False
S1730,19,4.3,2.7,2.6,91.9,5.0,3,1,58.4,2,2,2,False,False,True,False
S1731,17,3.5,0.0,2.4,92.2,6.2,4,1,63.6,2,0,3,True,False,False,False
S1732,17,2.8,3.4,0.9,67.7,7.0,3,9,62.6,0,1,3,True,False,False,False
S1733,24,3.3,2.8,0.0,98.3,7.3,2,6,70.6,1,2,2,True,False,False,False
S1734,18,3.4,3.1,1.4,100.0,6.8,4,5,75.2,0,2,2,False,False,False,False
S1735,19,2.9,7.2,2.9,85.5,5.7,1,6,50.1,1,2,1,True,False,True,False
S1736,20,3.1,0.0,3.3,78.6,6.9,0,6,72.8,1,1,2,False,False,False,False
S1737,21,5.9,4.6,2.6,100.0,6.6,0,1,72.7,1,1,1,True,False,True,True
S1738,21,4.3,2.2,2.3,71.8,7.6,2,5,76.0,1,2,1,False,True,False,True
S1739,20,3.1,2.8,2.2,85.2,7.4,6,9,74.1,0,2,2,True,False,False,True
S1740,23,4.5,2.4,1.2,86.8,6.5,3,4,79.0,0,1,0,False,False,True,True
S1741,22,3.0,2.0,1.7,98.5,5.4,1,3,51.3,0,2,2,False,False,False,False
S1742,18,5.3,1.8,3.6,88.6,5.7,4,1,71.0,1,1,2,False,False,False,True
S1743,21,4.1,2.9,0.8,80.0,5.8,6,2,76.4,2,2,1,False,False,True,True
S1744,19,3.3,0.7,3.6,75.5,6.1,3,3,52.6,0,2,1,False,False,False,True
S1745,18,4.2,3.4,1.4,81.6,6.8,2,4,74.0,2,1,3,False,False,False,False
S1746,19,1.1,2.0,3.3,74.9,7.4,3,7,42.6,2,2,2,True,False,False,False
S1747,23,1.8,1.1,0.3,85.5,6.4,2,6,49.8,2,1,1,True,False,False,False
S1748,17,1.7,2.0,2.4,79.4,6.5,5,8,45.7,2,1,1,False,False,False,False
S1749,18,3.7,4.0,1.0,70.1,6.7,0,9,77.2,2,0,2,False,False,False,True
S1750,24,6.1,1.9,0.2,97.6,5.9,6,6,98.5,0,0,2,False,False,False,False
S1751,21,6.8,2.9,2.0,80.0,5.4,0,7,96.2,1,1,1,False,False,False,False
S1752,18,4.5,1.6,2.9,72.3,4.4,3,4,71.3,2,2,1,True,False,True,True
S1753,18,4.3,3.4,0.9,83.3,5.7,1,2,59.2,1,2,3,True,False,False,False
S1754,18,0.8,3.3,0.2,85.7,7.1,4,9,51.8,2,0,2,False,False,False,False
S1755,22,2.7,4.7,1.7,67.5,5.7,2,9,59.3,0,2,3,True,False,True,False
S1756,18,2.3,2.3,1.7,88.3,6.2,4,4,58.5,2,2,2,True,False,False,False
S1757,19,2.6,3.3,2.4,74.5,7.1,0,3,44.5,1,2,3,False,False,False,True
S1758,17,3.2,2.6,2.8,100.0,7.1,1,10,75.4,1,2,1,True,False,False,True
S1759,23,2.8,4.1,1.7,90.2,5.2,1,6,54.9,1,1,2,False,False,True,True
S1760,20,0.5,1.6,3.8,81.0,7.7,4,3,30.2,2,1,0,True,False,True,True
S1761,18,4.6,3.4,2.0,77.5,7.9,0,1,71.8,2,2,2,False,False,False,True
S1762,21,1.9,2.3,1.4,84.0,5.1,4,4,51.8,1,0,1,True,False,False,False
S1763,18,3.9,2.4,0.0,91.1,5.5,3,1,59.5,2,0,1,True,False,True,True
S1764,21,6.6,2.6,1.5,84.7,7.9,1,2,96.6,1,0,3,True,False,False,False
S1765,19,2.1,2.8,1.4,82.8,6.3,1,3,44.1,0,1,3,True,False,True,False
S1766,21,0.0,2.4,2.9,85.6,3.8,3,8,30.5,0,1,0,True,False,False,False
S1767,24,3.1,2.8,2.3,79.0,4.8,0,10,63.7,0,1,2,True,False,False,False
S1768,20,5.2,4.4,0.5,81.6,6.2,1,4,74.0,1,0,1,False,False,False,False
S1769,17,6.4,3.7,2.0,64.1,5.1,6,4,98.8,1,2,1,True,False,False,False
S1770,21,1.7,3.5,2.5,94.7,6.0,5,10,53.0,2,2,2,False,False,False,False
S1771,21,4.2,2.0,3.5,88.0,6.5,5,9,84.6,2,1,1,False,False,False,False
S1772,17,2.8,1.4,2.8,77.3,8.3,5,7,73.0,0,0,3,False,False,False,False
S1773,20,3.3,3.6,2.6,100.0,6.2,2,2,57.1,1,0,1,True,False,False,True
S1774,18,7.5,3.6,1.9,85.9,7.8,6,3,100.0,1,1,2,False,False,True,False
S1775,21,1.2,4.3,2.2,74.6,8.2,2,4,36.2,1,1,2,True,False,False,False
S1776,17,3.9,1.8,3.2,93.6,8.2,0,4,65.6,0,1,1,True,False,False,False
S1777,24,4.2,2.2,0.3,89.0,6.8,3,10,87.5,0,2,1,False,True,True,True
S1778,24,5.1,0.5,1.4,88.9,4.1,4,8,100.0,2,1,2,True,False,False,False
S1779,19,3.6,2.0,1.0,80.7,7.1,6,10,85.6,2,1,2,False,False,True,False
S1780,17,4.0,3.7,2.2,89.5,7.8,0,10,89.4,0,1,1,False,False,False,True
S1781,19,2.9,1.9,3.2,82.4,6.4,4,6,66.9,1,2,2,False,False,False,False
S1782,24,3.9,3.3,1.1,90.6,8.6,0,3,56.0,1,2,0,False,False,True,False
S1783,20,3.0,2.3,0.0,66.0,7.5,2,9,77.9,2,2,1,True,False,False,False
S1784,18,4.4,2.9,1.3,80.7,7.2,5,10,91.3,1,2,1,True,False,False,False
S1785,17,2.9,1.1,2.8,100.0,7.8,3,8,68.4,0,1,0,False,False,False,False
S1786,23,4.1,2.6,2.4,77.3,6.9,2,9,85.3,2,1,2,True,False,False,False
S1787,24,3.5,0.0,2.3,79.0,3.5,3,5,64.4,1,2,2,True,False,False,True
S1788,24,5.2,2.3,1.5,80.5,5.9,6,3,82.8,1,0,3,True,False,False,False
S1789,23,3.4,0.5,0.4,72.9,7.9,4,4,78.0,1,2,2,True,False,False,False
S1790,22,0.8,3.9,2.4,62.9,5.5,0,5,31.5,1,2,3,True,False,False,False
S1791,24,5.4,3.4,0.9,82.7,6.2,1,9,92.3,1,2,2,True,False,False,False
S1792,21,2.1,3.1,4.2,86.4,5.2,1,9,50.1,1,0,2,False,False,False,True
S1793,20,2.5,4.3,2.4,84.5,8.6,3,3,49.4,1,2,3,False,False,False,False
S1794,17,2.6,1.4,1.2,83.6,8.5,5,7,80.3,0,1,2,False,False,False,False
S1795,23,5.6,4.6,1.1,85.4,5.4,5,6,89.7,2,0,0,True,False,False,True
S1796,21,0.3,3.6,1.7,95.2,6.7,3,4,33.6,0,1,2,True,False,False,True
S1797,23,8.2,2.2,1.5,83.1,5.7,2,5,100.0,0,2,3,True,False,False,True
S1798,17,5.1,3.9,3.0,79.3,7.2,1,10,90.6,2,1,2,False,False,False,False
S1799,19,3.8,1.2,2.0,82.2,7.1,2,2,66.3,2,1,2,False,False,False,True
S1800,17,3.4,1.5,1.0,90.8,7.5,4,7,86.1,2,0,2,True,False,False,True
S1801,22,3.9,1.8,3.9,99.1,6.9,1,4,65.5,1,2,3,False,False,False,False
S1802,17,4.3,1.9,1.9,78.7,10.0,4,2,82.9,1,2,0,True,False,False,False
S1803,17,4.5,1.2,2.6,86.0,5.3,0,6,76.3,2,2,2,False,False,False,True
S1804,22,4.3,4.0,1.1,88.4,4.4,2,2,59.0,2,1,1,False,False,True,True
S1805,20,3.6,2.2,2.2,75.1,6.0,3,10,76.1,1,1,2,False,False,False,True
S1806,24,3.2,2.9,2.1,85.2,4.6,1,2,40.3,2,2,2,False,False,False,True
S1807,17,3.3,1.8,0.0,70.3,4.7,2,7,65.2,0,1,1,False,False,False,True
S1808,22,3.2,0.3,4.0,67.3,5.3,3,1,43.9,2,2,1,True,False,True,False
S1809,21,5.2,2.8,3.2,88.7,5.4,0,7,89.5,2,2,2,False,False,False,True
S1810,19,4.4,0.2,1.4,81.2,5.4,1,10,80.7,2,1,1,True,False,False,False
S1811,19,0.0,2.4,0.6,87.0,7.1,4,5,53.0,2,1,1,False,False,True,False
S1812,17,4.5,0.9,2.2,84.8,5.9,0,1,70.6,2,2,2,False,False,False,False
S1813,20,3.8,4.9,1.9,75.2,6.3,5,6,65.5,0,1,1,False,False,False,False
S1814,20,3.5,3.6,2.2,84.5,7.6,3,7,75.1,1,1,1,True,False,False,False
S1815,21,2.9,2.6,2.0,72.7,5.6,1,1,43.5,0,2,3,False,False,False,False
S1816,17,5.2,4.0,2.4,98.9,6.2,1,9,80.6,1,1,1,False,False,False,False
S1817,19,4.9,1.5,3.4,71.4,6.9,6,7,88.2,2,2,1,False,False,False,True
S1818,20,2.3,3.2,2.4,83.0,4.2,6,1,48.5,1,0,2,True,False,False,True
S1819,17,4.1,2.7,0.6,74.6,3.6,0,3,67.3,1,2,2,True,False,False,False
S1820,23,2.0,2.8,3.3,90.7,6.9,1,5,50.7,1,0,3,True,False,False,False
S1821,20,1.4,4.0,3.6,81.7,7.1,3,4,35.4,2,0,3,True,False,False,False
S1822,22,2.6,3.4,5.3,79.8,9.0,0,2,49.1,0,2,2,False,False,False,False
S1823,23,4.8,2.8,0.6,93.5,6.7,4,1,85.4,1,2,1,True,False,False,False
S1824,24,4.9,0.5,2.1,85.3,7.5,0,4,83.9,0,1,0,False,True,False,False
S1825,20,4.3,1.3,0.0,90.2,6.3,0,7,90.4,2,1,1,True,False,True,False
S1826,19,4.6,2.4,2.4,75.2,6.9,4,4,87.8,0,2,1,True,False,False,False
S1827,18,4.3,2.6,1.2,71.0,8.5,5,9,87.5,2,1,2,False,False,False,False
S1828,23,2.5,1.1,3.9,86.1,4.0,6,8,58.2,1,2,2,False,False,False,False
S1829,24,4.1,5.4,0.9,81.8,7.0,3,8,73.2,0,2,0,False,False,False,True
S1830,21,4.7,4.3,0.0,91.3,9.1,5,5,83.5,2,2,2,False,False,False,False
S1831,21,4.6,3.2,1.3,84.2,6.8,5,1,77.6,0,1,1,False,False,False,True
S1832,19,5.3,2.6,0.0,87.1,8.5,5,9,98.4,1,1,1,True,False,True,True
S1833,20,4.6,2.2,2.6,68.8,5.7,6,2,78.5,0,2,2,False,True,False,False
S1834,17,4.0,1.4,0.0,100.0,6.5,2,6,81.1,1,0,1,False,True,True,True
S1835,20,5.1,2.6,1.8,83.4,6.5,6,10,100.0,1,1,1,False,False,False,False
S1836,19,3.5,2.8,0.0,92.0,3.8,5,5,58.7,1,0,0,True,False,False,True
S1837,21,2.2,1.0,1.4,76.6,5.1,2,10,62.6,0,0,1,False,False,False,False
S1838,20,3.3,2.9,3.6,88.1,5.2,4,8,60.3,1,1,2,True,False,False,True
S1839,21,2.4,2.3,2.2,72.0,7.5,6,3,63.9,2,1,3,True,False,False,False
S1840,23,2.5,0.2,0.9,89.5,7.5,3,6,80.0,2,2,1,True,False,True,True
S1841,24,3.3,1.5,1.8,81.4,6.9,5,6,62.6,1,1,1,True,False,True,False
S1842,17,2.3,2.0,1.8,85.3,7.5,1,10,71.4,1,1,2,False,False,False,False
S1843,23,3.0,4.8,2.3,92.0,6.3,4,3,60.6,1,0,3,False,False,True,False
S1844,21,0.7,3.2,0.3,72.7,7.9,2,7,47.2,1,2,1,False,False,True,True
S1845,21,3.8,0.9,2.5,78.2,6.5,6,4,78.1,0,1,1,True,False,False,True
S1846,18,3.5,3.1,0.0,89.6,6.6,3,5,75.5,1,2,2,True,False,False,True
S1847,18,2.3,0.6,1.1,100.0,6.2,0,9,73.5,1,2,2,True,False,False,False
S1848,23,4.5,3.8,1.3,83.6,7.3,3,6,74.6,1,0,1,False,True,False,False
S1849,22,4.9,1.9,2.5,90.9,6.0,3,10,98.7,1,1,2,True,False,False,False
S1850,23,1.1,2.4,1.8,83.9,7.7,5,4,49.2,2,1,1,False,False,False,True
S1851,18,2.4,4.1,0.3,100.0,5.1,5,8,67.4,0,2,2,False,False,False,False
S1852,21,2.3,1.0,0.7,67.5,5.2,6,9,72.5,2,2,2,True,False,False,False
S1853,19,2.1,0.8,2.0,85.9,7.3,6,10,68.4,2,2,3,False,False,False,True
S1854,23,4.7,1.8,1.7,68.7,6.4,2,5,70.0,1,1,1,False,False,False,False
S1855,21,3.2,3.7,1.2,59.9,6.0,6,2,56.1,1,2,1,False,False,False,False
S1856,19,3.1,0.7,1.3,88.0,7.6,2,6,81.5,1,0,1,False,False,True,True
S1857,19,0.5,0.0,2.6,86.4,5.8,5,8,45.0,0,0,3,True,False,True,True
S1858,18,4.5,2.0,1.2,82.2,6.3,5,5,84.4,1,2,1,True,False,True,True
S1859,23,1.6,3.2,1.7,83.9,8.2,1,1,36.8,2,2,1,False,False,False,False
S1860,20,3.6,3.9,4.2,100.0,8.3,1,8,65.6,0,0,1,False,False,False,True
S1861,17,3.9,1.9,0.2,82.4,8.4,4,9,93.5,1,0,2,True,False,False,True
S1862,18,5.5,2.0,0.0,90.1,6.2,5,1,93.7,2,0,1,False,False,False,False
S1863,18,1.5,3.9,2.7,78.5,8.0,0,8,42.3,2,0,1,False,False,False,True
S1864,20,0.0,0.3,1.1,88.0,5.4,1,10,53.3,1,1,1,False,False,True,True
S1865,17,3.8,2.0,1.4,82.6,5.4,2,2,65.9,2,2,3,True,False,False,False
S1866,21,6.2,2.7,0.9,80.9,3.7,3,4,87.9,1,2,2,False,False,False,True
S1867,22,5.4,3.0,1.5,100.0,8.5,6,2,94.5,0,2,2,False,False,False,False
S1868,23,3.8,1.9,3.6,96.8,5.5,6,2,77.8,1,2,3,True,False,False,False
S1869,22,2.8,2.5,2.7,86.4,6.3,4,10,74.6,1,1,3,True,False,True,False
S1870,21,4.7,0.0,2.7,62.0,5.4,1,3,67.5,2,2,1,False,True,True,False
S1871,24,2.0,1.7,0.2,81.4,7.3,3,8,66.5,0,2,3,True,False,True,True
S1872,18,4.2,3.0,0.5,100.0,6.0,3,4,78.4,1,1,0,False,False,False,False
S1873,17,4.3,1.3,0.0,82.7,4.9,1,7,84.9,1,2,1,False,False,False,False
S1874,18,5.1,2.6,0.9,96.0,7.0,0,10,96.6,1,1,3,True,False,False,False
S1875,19,7.6,3.0,2.9,99.4,4.8,0,3,100.0,0,2,1,False,False,False,False
S1876,18,4.1,2.1,2.4,87.2,5.5,4,10,83.1,1,2,1,True,False,False,False
S1877,18,2.7,2.7,1.6,76.6,4.0,0,3,36.9,2,1,1,False,False,False,False
S1878,21,3.5,1.3,1.8,60.6,4.8,4,2,60.0,1,2,2,True,False,True,False
S1879,21,0.8,2.3,1.0,91.8,6.7,2,6,44.3,1,0,1,False,False,False,False
S1880,21,2.5,3.2,2.0,76.9,4.1,1,6,41.6,1,2,2,True,False,False,False
S1881,22,2.9,2.7,2.6,86.8,4.7,3,1,45.5,1,1,3,True,False,True,False
S1882,19,2.7,1.8,0.0,72.5,6.5,4,7,68.2,1,0,2,False,True,False,False
S1883,24,3.7,2.8,2.1,82.3,5.8,6,4,75.5,2,1,1,True,False,False,False
S1884,24,2.3,3.4,2.8,85.3,8.9,0,3,40.9,2,2,3,False,False,False,False
S1885,21,5.2,0.0,1.3,87.7,8.7,6,8,100.0,1,0,1,True,False,False,False
S1886,17,3.5,3.9,2.6,73.9,5.5,4,2,65.6,1,2,1,False,False,False,True
S1887,22,3.5,2.1,4.9,97.0,7.2,5,9,75.9,2,0,0,True,False,False,False
S1888,20,3.0,3.0,1.7,79.0,7.4,4,8,69.8,1,2,2,False,True,True,True
S1889,17,3.7,3.9,2.2,68.3,5.8,0,8,66.6,1,2,1,True,False,True,False
S1890,23,4.7,0.9,1.0,83.9,4.7,5,3,84.5,1,1,1,True,False,True,False
S1891,23,2.2,1.6,2.0,85.3,6.5,5,4,65.6,2,1,1,True,False,True,True
S1892,17,2.5,2.2,2.3,86.6,6.3,0,2,46.8,1,2,1,True,False,False,False
S1893,21,3.0,1.6,2.0,98.6,6.0,5,2,67.7,2,2,2,False,False,False,False
S1894,20,1.5,4.6,0.7,82.6,7.0,1,4,45.4,2,2,2,True,False,True,True
S1895,20,2.3,1.5,2.0,83.8,5.6,3,6,57.0,1,1,2,False,False,False,False
S1896,22,2.8,1.8,3.4,74.0,5.1,6,5,58.4,2,1,1,True,False,True,False
S1897,20,4.8,2.7,2.3,93.2,6.6,1,1,70.8,2,2,1,True,False,False,True
S1898,23,3.9,1.1,2.9,86.8,7.0,1,10,75.7,1,1,3,False,False,False,False
S1899,19,3.8,2.0,1.5,80.8,5.1,0,1,55.7,0,1,0,False,False,False,False
S1900,21,4.8,2.9,2.6,66.0,7.6,0,6,82.1,0,1,3,True,False,False,True
S1901,20,3.3,2.1,2.1,99.4,4.4,6,3,71.4,1,2,1,True,False,False,True
S1902,22,4.1,2.4,0.8,72.7,5.8,3,3,66.7,1,2,3,True,False,False,False
S1903,23,3.3,1.9,2.2,79.1,6.2,4,7,70.9,1,1,1,False,False,False,False
S1904,19,3.9,0.7,0.7,88.6,5.7,1,1,73.0,0,0,1,False,False,True,True
S1905,18,2.6,2.9,1.1,73.0,5.8,5,1,53.9,2,0,2,True,False,True,True
S1906,18,0.0,4.6,2.0,70.1,8.7,3,10,43.4,1,1,2,False,False,True,False
S1907,19,3.3,2.5,2.1,63.8,5.5,1,3,55.4,1,1,1,False,False,False,False
S1908,23,5.6,2.8,0.5,92.2,9.4,4,8,100.0,1,2,2,False,False,True,False
S1909,22,4.9,3.3,3.0,79.5,7.0,5,1,71.8,1,1,2,False,False,False,False
S1910,19,4.9,1.0,2.4,100.0,6.6,1,10,89.2,1,1,0,True,False,False,False
S1911,21,5.4,4.5,1.0,75.1,7.1,2,4,83.9,1,2,0,True,False,False,False
S1912,21,3.6,2.7,0.1,75.8,9.5,6,9,89.1,0,1,1,True,False,False,False
S1913,18,3.8,4.5,1.6,79.3,5.3,3,4,53.5,2,2,1,True,False,True,False
S1914,20,2.6,1.6,1.3,87.4,5.2,6,10,72.9,2,0,2,False,False,True,False
S1915,22,3.0,4.7,1.9,80.3,5.6,0,8,61.0,1,1,1,False,False,False,False
S1916,18,4.4,3.4,1.4,91.1,6.5,1,7,69.1,2,2,1,True,False,False,False
S1917,20,5.3,3.2,0.0,75.2,4.4,5,3,77.2,2,2,1,True,False,False,False
S1918,20,3.3,2.8,1.4,71.2,6.5,5,7,71.9,0,1,2,True,False,True,False
S1919,24,2.8,2.2,1.5,67.0,8.5,3,7,74.7,2,2,1,False,False,False,True
S1920,21,3.5,3.9,2.5,62.8,6.7,3,10,74.5,2,2,0,True,False,True,False
S1921,23,4.4,2.7,1.0,79.8,6.1,6,3,85.4,1,1,0,False,False,False,False
S1922,17,1.3,0.1,3.6,82.0,5.8,5,2,44.3,0,1,3,True,False,False,True
S1923,23,0.1,1.2,0.0,78.7,7.6,5,9,53.4,0,2,1,True,False,False,False
S1924,17,2.7,2.3,3.2,97.4,5.5,5,1,57.4,0,1,2,False,True,True,True
S1925,19,1.7,2.9,1.6,97.3,8.7,1,7,53.6,2,2,0,False,True,True,False
S1926,21,2.7,2.4,2.7,81.7,8.8,5,4,58.8,1,2,1,True,False,False,True
S1927,20,3.3,4.0,1.9,67.1,6.8,0,2,43.5,2,2,2,False,False,False,False
S1928,22,2.8,0.2,3.1,79.3,6.5,5,2,65.6,2,1,1,False,False,False,False
S1929,17,5.7,2.7,1.4,79.0,7.7,0,8,89.8,2,1,3,False,False,False,True
S1930,23,4.0,0.3,0.6,78.4,7.8,1,7,89.5,2,2,3,True,False,False,False
S1931,20,4.0,3.4,3.4,78.0,5.5,3,7,68.8,0,1,2,False,False,True,True
S1932,17,4.4,2.4,1.7,78.5,5.9,0,5,76.8,1,1,2,False,False,False,False
S1933,17,1.8,3.0,2.0,81.1,4.9,1,10,47.5,2,1,1,False,False,False,False
S1934,24,5.1,1.5,3.2,78.6,7.0,5,8,89.3,0,0,1,True,False,False,True
S1935,17,3.4,4.0,0.7,87.1,7.3,1,2,62.0,0,2,3,True,False,True,False
S1936,22,4.5,3.8,2.5,88.6,4.9,5,2,66.1,2,1,2,True,False,False,True
S1937,21,1.9,3.2,1.2,75.9,6.0,6,5,41.7,2,2,2,False,False,False,False
S1938,22,1.2,2.3,1.7,97.7,4.9,1,1,28.0,1,0,1,True,False,False,False
S1939,18,4.7,3.2,1.9,75.2,5.4,3,6,71.0,2,2,0,False,False,False,False
S1940,20,4.1,1.7,0.1,68.8,7.2,0,4,67.5,2,1,3,False,True,True,False
S1941,21,2.1,3.5,0.9,88.8,5.6,6,6,63.4,1,2,1,True,False,False,False
S1942,24,2.2,4.5,3.3,76.8,6.1,3,7,50.2,0,2,1,False,False,False,False
S1943,21,5.2,3.8,2.8,88.2,4.5,2,3,72.0,2,0,1,True,False,False,False
S1944,21,1.7,1.6,1.7,61.0,6.7,5,8,67.9,1,2,2,False,False,False,True
S1945,23,6.0,2.9,2.1,98.9,6.4,0,7,100.0,0,1,0,True,False,True,False
S1946,21,2.1,0.9,1.5,91.7,5.6,3,1,55.0,1,2,2,False,False,False,True
S1947,24,4.5,3.2,3.3,70.0,6.3,0,6,59.9,2,2,1,False,False,True,True
S1948,22,3.0,3.0,1.6,70.2,6.7,2,7,63.2,1,2,3,False,False,False,False
S1949,21,4.4,0.3,2.1,100.0,5.5,4,4,84.5,1,2,2,False,False,False,False
S1950,19,2.7,1.1,3.1,77.6,4.7,5,2,50.8,1,1,1,False,False,False,False
S1951,20,3.3,2.2,0.9,76.7,8.7,5,10,94.0,2,0,2,False,False,False,False
S1952,21,3.6,2.1,3.5,62.3,5.7,1,9,65.6,0,1,1,False,False,True,False
S1953,20,2.0,1.0,0.1,81.5,6.4,5,7,61.7,1,1,1,False,False,False,False
S1954,19,4.6,3.0,3.6,82.7,7.7,5,1,66.0,2,2,3,True,False,False,True
S1955,19,2.7,2.8,1.4,92.2,10.0,3,8,86.9,0,1,1,False,False,True,False
S1956,20,3.2,2.3,1.5,71.0,5.0,6,3,59.6,2,2,1,False,False,False,False
S1957,17,2.0,1.6,0.0,69.8,7.0,5,4,49.1,2,1,1,False,False,False,False
S1958,18,0.0,3.8,1.3,89.5,5.7,5,5,31.1,2,1,1,True,False,True,False
S1959,23,3.2,4.5,0.7,95.1,5.9,2,1,45.7,1,2,3,False,False,False,False
S1960,17,7.1,1.9,1.1,69.3,5.6,6,6,100.0,2,1,1,True,False,True,False
S1961,17,4.7,1.8,1.6,95.8,5.1,2,10,81.1,2,2,3,False,False,False,False
S1962,22,3.5,3.1,2.9,85.4,6.5,0,6,55.1,2,1,3,True,False,True,False
S1963,23,3.1,2.1,2.0,95.9,4.7,0,2,53.3,0,2,1,False,False,False,False
S1964,23,3.5,2.3,2.1,84.3,7.6,5,10,89.1,2,0,1,False,True,False,True
S1965,17,4.3,3.4,0.6,59.8,6.6,5,6,77.3,1,1,3,True,False,False,True
S1966,21,1.7,0.2,0.8,83.5,7.0,1,8,56.4,0,2,1,False,True,False,True
S1967,22,5.2,4.1,3.8,95.6,5.9,0,6,76.1,1,2,0,True,False,False,False
S1968,22,4.6,2.6,1.0,76.1,6.1,3,4,74.6,2,1,1,False,False,False,False
S1969,19,4.6,2.0,3.6,81.1,6.8,5,4,83.0,1,1,2,False,False,True,False
S1970,24,4.2,2.4,1.5,83.2,5.1,3,9,85.9,1,1,2,False,False,False,True
S1971,23,3.5,2.5,1.8,56.0,6.1,5,6,64.5,2,1,1,False,False,False,False
S1972,17,4.5,0.4,3.0,100.0,5.5,3,8,91.9,1,2,1,False,False,False,False
S1973,19,4.4,4.3,3.2,76.0,5.4,4,8,74.6,2,2,3,True,False,False,False
S1974,20,3.0,2.5,1.7,90.1,4.0,3,7,70.9,1,0,2,True,False,False,False
S1975,18,2.6,3.0,1.4,84.1,8.1,6,3,66.7,1,1,2,False,False,False,False
S1976,24,3.7,3.6,1.7,97.6,5.7,0,10,77.4,2,2,2,False,False,False,True
S1977,24,5.8,1.3,2.2,89.1,7.9,5,1,99.0,2,1,1,False,False,True,True
S1978,24,1.6,3.1,2.8,82.7,7.8,0,5,43.5,1,2,2,False,False,False,True
S1979,22,1.3,2.2,1.8,76.1,5.0,6,10,53.4,2,0,1,True,False,False,False
S1980,20,3.7,3.5,2.5,93.0,5.2,6,10,81.0,0,2,1,False,False,False,True
S1981,24,3.6,0.0,3.6,66.3,9.6,3,2,66.2,1,1,2,True,False,False,False
S1982,20,3.8,2.4,2.2,91.5,8.6,2,10,88.0,1,2,1,False,False,True,False
S1983,21,3.9,1.8,2.1,74.0,6.5,2,2,64.4,0,1,3,True,False,False,False
S1984,24,3.2,3.0,0.1,97.5,6.8,6,7,82.4,1,1,1,True,False,False,False
S1985,18,5.7,3.1,0.0,86.6,5.7,2,3,80.9,1,2,3,True,False,True,True
S1986,20,1.1,1.7,2.2,91.4,7.0,5,8,59.6,0,0,3,True,False,False,False
S1987,20,2.3,1.6,1.7,85.8,5.6,1,9,56.2,1,1,1,False,False,True,False
S1988,18,3.3,2.4,1.2,67.5,4.1,4,8,72.5,1,1,2,True,False,False,True
S1989,24,1.0,1.4,2.1,76.4,4.9,3,6,47.6,1,1,1,True,False,True,False
S1990,18,3.2,3.5,1.7,91.7,6.5,1,5,63.6,2,2,3,True,False,False,False
S1991,20,6.0,2.1,3.0,86.7,5.1,2,3,85.3,2,2,1,True,False,False,False
S1992,18,3.5,0.0,1.9,96.8,6.4,3,3,71.8,1,0,2,True,False,False,False
S1993,20,3.8,2.1,1.0,89.0,5.2,1,7,70.9,2,2,1,True,False,False,False
S1994,20,1.6,1.3,2.9,75.3,5.6,0,5,41.7,2,1,1,False,False,False,False
S1995,21,2.6,0.5,1.6,77.0,7.5,2,6,76.1,1,2,1,False,False,False,True
S1996,17,2.9,1.0,2.4,86.0,6.8,1,6,65.9,0,1,1,False,False,True,True
S1997,20,3.0,2.6,1.3,61.9,6.5,5,9,64.4,2,2,2,True,False,False,True
S1998,24,5.4,4.1,1.1,100.0,7.6,0,1,69.7,1,1,2,True,False,True,False
S1999,19,4.3,2.9,1.9,89.4,7.1,2,8,74.9,2,1,2,False,False,False,False
